date,open,high,low,close,volume,Name
2018-12-15,0.59999,0.59999,0.27825,0.27927,134110.3,XRP-USDC
2018-12-16,0.27927,0.29276,0.27825,0.28646,1065066.5,XRP-USDC
2018-12-17,0.28646,0.30587,0.28188,0.30159,568809.2,XRP-USDC
2018-12-18,0.30159,0.341,0.30159,0.33052,2557920.9,XRP-USDC
2018-12-19,0.33052,0.39313,0.32832,0.3683,2774850.2,XRP-USDC
2018-12-20,0.36813,0.38813,0.34189,0.37201,3870884.0,XRP-USDC
2018-12-21,0.37201,0.38374,0.35495,0.36626,3981570.5,XRP-USDC
2018-12-22,0.36626,0.36636,0.34356,0.35074,1569160.7,XRP-USDC
2018-12-23,0.35074,0.38059,0.34801,0.3614,2185721.5,XRP-USDC
2018-12-24,0.3614,0.4514,0.35991,0.41618,4751900.0,XRP-USDC
2018-12-25,0.41469,0.4234,0.36344,0.36821,4122931.8,XRP-USDC
2018-12-26,0.36821,0.398,0.35656,0.36245,3309738.5,XRP-USDC
2018-12-27,0.3635,0.37851,0.35869,0.3598,1754572.9,XRP-USDC
2018-12-28,0.3598,0.36514,0.32817,0.36361,5819871.4,XRP-USDC
2018-12-29,0.3645,0.38383,0.36361,0.37259,2822960.0,XRP-USDC
2018-12-30,0.37259,0.3785,0.3549,0.36281,3471669.9,XRP-USDC
2018-12-31,0.36281,0.3717,0.34991,0.35502,2501859.3,XRP-USDC
2019-01-01,0.35502,0.36011,0.34422,0.34918,1034217.7,XRP-USDC
2019-01-02,0.34918,0.36776,0.34712,0.36318,2508932.0,XRP-USDC
2019-01-03,0.36318,0.37831,0.35806,0.36,3185561.9,XRP-USDC
2019-01-04,0.36,0.36035,0.34664,0.34911,1595029.0,XRP-USDC
2019-01-05,0.34911,0.362,0.34814,0.35688,2841339.8,XRP-USDC
2019-01-06,0.35688,0.35876,0.34773,0.354,1729148.6,XRP-USDC
2019-01-07,0.354,0.37561,0.35384,0.36578,3583536.5,XRP-USDC
2019-01-08,0.36578,0.3711,0.35748,0.3662,2199544.1,XRP-USDC
2019-01-09,0.36605,0.368,0.35983,0.36369,2030817.6,XRP-USDC
2019-01-10,0.3629,0.38298,0.3377,0.3409,5031881.9,XRP-USDC
2019-01-11,0.34069,0.34069,0.32001,0.331,3515457.0,XRP-USDC
2019-01-12,0.331,0.33411,0.32368,0.32818,1918231.3,XRP-USDC
2019-01-13,0.32818,0.33249,0.32501,0.32787,889494.0,XRP-USDC
2019-01-14,0.32787,0.33563,0.31195,0.3341,3381866.9,XRP-USDC
2019-01-15,0.335,0.3392,0.32402,0.32648,2047910.7,XRP-USDC
2019-01-16,0.32648,0.33319,0.31862,0.32679,1565409.8,XRP-USDC
2019-01-17,0.32761,0.32937,0.32045,0.32617,1786578.9,XRP-USDC
2019-01-18,0.32617,0.33,0.32109,0.32381,1298370.4,XRP-USDC
2019-01-19,0.32381,0.33454,0.31811,0.3293,1364046.0,XRP-USDC
2019-01-20,0.3293,0.33097,0.30973,0.31527,1670577.2,XRP-USDC
2019-01-21,0.31527,0.32277,0.31185,0.31721,383708.7,XRP-USDC
2019-01-22,0.31721,0.32005,0.3,0.3191,2278909.2,XRP-USDC
2019-01-23,0.3205,0.3205,0.31446,0.31566,1655446.8,XRP-USDC
2019-01-24,0.31566,0.31807,0.31236,0.31479,703871.0,XRP-USDC
2019-01-25,0.31513,0.31734,0.31,0.31407,806197.6,XRP-USDC
2019-01-26,0.31407,0.31876,0.31176,0.31208,865463.7,XRP-USDC
2019-01-27,0.31208,0.31281,0.30127,0.30548,1597337.3,XRP-USDC
2019-01-28,0.30548,0.30708,0.28007,0.28431,3112430.9,XRP-USDC
2019-01-29,0.28431,0.29399,0.28073,0.28889,2157620.6,XRP-USDC
2019-01-30,0.28889,0.32594,0.28358,0.31686,3695100.8,XRP-USDC
2019-01-31,0.31724,0.33265,0.30231,0.30755,4726462.7,XRP-USDC
2019-02-01,0.30755,0.31207,0.29307,0.30481,3000664.3,XRP-USDC
2019-02-02,0.30481,0.30735,0.30144,0.30248,1345940.4,XRP-USDC
2019-02-03,0.30248,0.30992,0.29711,0.30011,1679400.7,XRP-USDC
2019-02-04,0.30011,0.30184,0.29379,0.29681,715100.1,XRP-USDC
2019-02-05,0.29681,0.29826,0.29235,0.29392,559136.3,XRP-USDC
2019-02-06,0.29382,0.29883,0.28426,0.28854,1616226.1,XRP-USDC
2019-02-07,0.29008,0.2912,0.28504,0.28946,565963.2,XRP-USDC
2019-02-08,0.28994,0.30175,0.28613,0.30175,1427395.2,XRP-USDC
2019-02-09,0.30175,0.31719,0.29988,0.30664,1833422.5,XRP-USDC
2019-02-10,0.30664,0.30984,0.28978,0.29954,1440921.5,XRP-USDC
2019-02-11,0.29954,0.30755,0.29862,0.3003,964088.0,XRP-USDC
2019-02-12,0.3003,0.30131,0.29203,0.29722,506293.0,XRP-USDC
2019-02-13,0.29722,0.30973,0.29722,0.29864,972104.8,XRP-USDC
2019-02-14,0.29864,0.30187,0.29601,0.29984,367244.0,XRP-USDC
2019-02-15,0.3003,0.30357,0.295,0.29662,453116.6,XRP-USDC
2019-02-16,0.29662,0.3,0.29604,0.29957,685506.7,XRP-USDC
2019-02-17,0.29957,0.30328,0.29591,0.29654,551194.5,XRP-USDC
2019-02-18,0.29654,0.316,0.29401,0.31447,1791878.4,XRP-USDC
2019-02-19,0.31447,0.34442,0.31447,0.33637,1900758.0,XRP-USDC
2019-02-20,0.33581,0.33646,0.316,0.32286,1557996.8,XRP-USDC
2019-02-21,0.32286,0.32995,0.31311,0.31665,993997.6,XRP-USDC
2019-02-22,0.31665,0.32149,0.31276,0.31753,517165.0,XRP-USDC
2019-02-23,0.31753,0.31962,0.31575,0.31578,324102.7,XRP-USDC
2019-02-24,0.31578,0.345,0.29652,0.30226,2281379.2,XRP-USDC
2019-02-25,0.30192,0.31165,0.29185,0.30838,1179414.8,XRP-USDC
2019-02-26,0.30772,0.345,0.30747,0.31838,6566131.8,XRP-USDC
2019-02-27,0.31838,0.31914,0.30787,0.31305,823592.7,XRP-USDC
2019-02-28,0.31305,0.31501,0.29858,0.31175,958713.9,XRP-USDC
2019-03-01,0.31175,0.31999,0.30706,0.31969,2232966.8,XRP-USDC
2019-03-02,0.31965,0.32268,0.30887,0.31318,849203.2,XRP-USDC
2019-03-03,0.31318,0.31428,0.30893,0.30893,324106.9,XRP-USDC
2019-03-04,0.30893,0.3103,0.29714,0.30138,627080.4,XRP-USDC
2019-03-05,0.30138,0.31353,0.29932,0.31305,931810.6,XRP-USDC
2019-03-06,0.31305,0.3175,0.30892,0.3155,519597.7,XRP-USDC
2019-03-07,0.3155,0.32002,0.3117,0.31341,577312.5,XRP-USDC
2019-03-08,0.31341,0.31434,0.3077,0.31005,360016.0,XRP-USDC
2019-03-09,0.31005,0.31679,0.30281,0.31285,740885.4,XRP-USDC
2019-03-10,0.31285,0.31565,0.30813,0.3119,262472.5,XRP-USDC
2019-03-11,0.3119,0.31362,0.30532,0.30787,416827.5,XRP-USDC
2019-03-12,0.30787,0.3098,0.306,0.30741,430170.3,XRP-USDC
2019-03-13,0.30741,0.32303,0.30642,0.314,1264913.0,XRP-USDC
2019-03-14,0.31474,0.31542,0.30241,0.3088,675467.2,XRP-USDC
2019-03-15,0.30919,0.3136,0.30601,0.31318,370991.9,XRP-USDC
2019-03-16,0.31424,0.32087,0.30536,0.31577,1134114.2,XRP-USDC
2019-03-17,0.31573,0.31812,0.3128,0.31447,581713.7,XRP-USDC
2019-03-18,0.31447,0.31792,0.3102,0.31315,422143.8,XRP-USDC
2019-03-19,0.31315,0.31403,0.31094,0.31301,346109.3,XRP-USDC
2019-03-20,0.31301,0.32074,0.31,0.31579,592652.1,XRP-USDC
2019-03-21,0.31579,0.31819,0.29782,0.30749,862534.5,XRP-USDC
2019-03-22,0.30749,0.31185,0.30452,0.30998,444142.7,XRP-USDC
2019-03-23,0.30998,0.31169,0.30772,0.30855,274890.3,XRP-USDC
2019-03-24,0.30855,0.30967,0.30616,0.30675,248998.3,XRP-USDC
2019-03-25,0.30675,0.30746,0.301,0.301,299436.8,XRP-USDC
2019-03-26,0.301,0.30339,0.2926,0.29546,474856.7,XRP-USDC
2019-03-27,0.29546,0.30862,0.29546,0.30612,421258.1,XRP-USDC
2019-03-28,0.30612,0.31,0.30311,0.30572,883945.6,XRP-USDC
2019-03-29,0.30543,0.30894,0.30305,0.30641,1026877.3,XRP-USDC
2019-03-30,0.30641,0.3174,0.305,0.31251,513516.6,XRP-USDC
2019-03-31,0.31251,0.3128,0.30649,0.30858,384864.0,XRP-USDC
2019-04-01,0.30862,0.31346,0.30611,0.31104,345360.3,XRP-USDC
2019-04-02,0.31104,0.34835,0.31026,0.33687,3395036.2,XRP-USDC
2019-04-03,0.33687,0.37346,0.33424,0.36087,8308235.6,XRP-USDC
2019-04-04,0.36087,0.3752,0.32,0.33847,7997025.0,XRP-USDC
2019-04-05,0.33847,0.37999,0.32551,0.36183,4962061.4,XRP-USDC
2019-04-06,0.36183,0.36815,0.34646,0.3609,2023500.2,XRP-USDC
2019-04-07,0.36064,0.36702,0.34954,0.35693,1186795.7,XRP-USDC
2019-04-08,0.35693,0.37267,0.34902,0.35833,2040456.2,XRP-USDC
2019-04-09,0.35943,0.36169,0.34878,0.35213,1410542.6,XRP-USDC
2019-04-10,0.35218,0.36065,0.34855,0.35653,971044.6,XRP-USDC
2019-04-11,0.35653,0.36103,0.32203,0.32763,3924740.2,XRP-USDC
2019-04-12,0.32763,0.33299,0.31678,0.32737,1061840.7,XRP-USDC
2019-04-13,0.32737,0.33737,0.32201,0.32678,1306781.1,XRP-USDC
2019-04-14,0.32678,0.33093,0.323,0.32473,540936.0,XRP-USDC
2019-04-15,0.32473,0.333,0.32443,0.32761,731155.3,XRP-USDC
2019-04-16,0.32761,0.32761,0.308,0.32,1551586.4,XRP-USDC
2019-04-17,0.32,0.338,0.31894,0.33067,1274744.8,XRP-USDC
2019-04-18,0.33143,0.34795,0.325,0.33527,1805030.3,XRP-USDC
2019-04-19,0.33527,0.34014,0.32761,0.33013,592130.6,XRP-USDC
2019-04-20,0.3303,0.33434,0.3278,0.32952,1282281.0,XRP-USDC
2019-04-21,0.32952,0.33307,0.31632,0.32108,1312730.8,XRP-USDC
2019-04-22,0.32109,0.3322,0.31776,0.32152,709810.3,XRP-USDC
2019-04-23,0.32148,0.32867,0.31917,0.325,724848.3,XRP-USDC
2019-04-24,0.325,0.32545,0.29001,0.30019,1507260.2,XRP-USDC
2019-04-25,0.30019,0.30706,0.2933,0.30345,915279.3,XRP-USDC
2019-04-26,0.30421,0.30421,0.2785,0.28641,3348875.4,XRP-USDC
2019-04-27,0.28725,0.29561,0.28504,0.29085,1199794.7,XRP-USDC
2019-04-28,0.29085,0.29528,0.28911,0.29149,664906.0,XRP-USDC
2019-04-29,0.29149,0.29276,0.26013,0.28773,1149114.8,XRP-USDC
2019-04-30,0.28773,0.30762,0.28536,0.30193,2129016.5,XRP-USDC
2019-05-01,0.30193,0.30898,0.29634,0.29976,2478949.9,XRP-USDC
2019-05-02,0.29976,0.30204,0.29549,0.29667,758039.0,XRP-USDC
2019-05-03,0.29667,0.30746,0.29502,0.3028,1205358.7,XRP-USDC
2019-05-04,0.3028,0.31222,0.29201,0.29572,1169246.0,XRP-USDC
2019-05-05,0.29583,0.30213,0.29577,0.29777,850768.7,XRP-USDC
2019-05-06,0.29777,0.30171,0.292,0.29893,1038468.6,XRP-USDC
2019-05-07,0.29893,0.30446,0.29515,0.29792,1305779.6,XRP-USDC
2019-05-08,0.29761,0.29809,0.29004,0.29674,1537327.1,XRP-USDC
2019-05-09,0.29674,0.2996,0.29201,0.29325,902284.8,XRP-USDC
2019-05-10,0.29325,0.299,0.2876,0.29635,952398.8,XRP-USDC
2019-05-11,0.29635,0.32705,0.29,0.32178,2378529.5,XRP-USDC
2019-05-12,0.32178,0.33674,0.30086,0.30241,4214133.1,XRP-USDC
2019-05-13,0.30389,0.332,0.30387,0.32854,1579364.0,XRP-USDC
2019-05-14,0.3285,0.445,0.31277,0.397,11520890.7,XRP-USDC
2019-05-15,0.3971,0.46869,0.374,0.4314,6900440.2,XRP-USDC
2019-05-16,0.43114,0.48,0.39392,0.439,9067451.5,XRP-USDC
2019-05-17,0.439,0.4456,0.35767,0.36842,10846789.4,XRP-USDC
2019-05-18,0.36842,0.39562,0.358,0.3765,4419972.3,XRP-USDC
2019-05-19,0.37612,0.4166,0.36905,0.4097,4966688.8,XRP-USDC
2019-05-20,0.4097,0.42918,0.37935,0.39362,3945048.2,XRP-USDC
2019-05-21,0.39364,0.40899,0.38664,0.39628,3421391.4,XRP-USDC
2019-05-22,0.39628,0.41288,0.38389,0.39395,2287282.9,XRP-USDC
2019-05-23,0.39395,0.39451,0.36184,0.3744,3028438.1,XRP-USDC
2019-05-24,0.37586,0.39544,0.37163,0.39212,2051928.9,XRP-USDC
2019-05-25,0.39212,0.39618,0.38066,0.38682,1169738.8,XRP-USDC
2019-05-26,0.38683,0.38857,0.37569,0.3822,1231688.8,XRP-USDC
2019-05-27,0.3822,0.435,0.38152,0.42541,4799073.6,XRP-USDC
2019-05-28,0.42511,0.44729,0.41,0.44439,6740114.3,XRP-USDC
2019-05-29,0.4454,0.46137,0.42111,0.44972,6151930.6,XRP-USDC
2019-05-30,0.44972,0.47433,0.4361,0.47022,6119295.2,XRP-USDC
2019-05-31,0.47144,0.474,0.397,0.421,6774837.8,XRP-USDC
2019-06-01,0.421,0.44163,0.417,0.42904,3011576.4,XRP-USDC
2019-06-02,0.42802,0.44711,0.4244,0.43997,1465156.9,XRP-USDC
2019-06-03,0.43997,0.46554,0.42868,0.44125,3884224.0,XRP-USDC
2019-06-04,0.44125,0.4481,0.38647,0.411,5158103.3,XRP-USDC
2019-06-05,0.41358,0.41358,0.38304,0.39039,4652575.9,XRP-USDC
2019-06-06,0.39039,0.40799,0.39039,0.40799,3147896.5,XRP-USDC
2019-06-07,0.40799,0.42948,0.40011,0.42536,5139394.1,XRP-USDC
2019-06-08,0.42536,0.43199,0.408,0.41374,1102540.7,XRP-USDC
2019-06-09,0.41359,0.41374,0.39396,0.39559,1562738.9,XRP-USDC
2019-06-10,0.39559,0.40571,0.37061,0.4007,4055333.7,XRP-USDC
2019-06-11,0.40074,0.40491,0.38501,0.38728,1027330.2,XRP-USDC
2019-06-12,0.38728,0.40386,0.38325,0.4019,1643219.2,XRP-USDC
2019-06-13,0.4019,0.41049,0.39632,0.40143,2463471.7,XRP-USDC
2019-06-14,0.40059,0.40473,0.392,0.39501,1465953.2,XRP-USDC
2019-06-15,0.39501,0.41271,0.39254,0.40921,2937230.1,XRP-USDC
2019-06-16,0.40921,0.43199,0.40828,0.43003,1879783.3,XRP-USDC
2019-06-17,0.43011,0.44337,0.41778,0.42819,2263649.7,XRP-USDC
2019-06-18,0.42861,0.46592,0.42605,0.43299,6459231.8,XRP-USDC
2019-06-19,0.433,0.43609,0.41889,0.42795,1232473.1,XRP-USDC
2019-06-20,0.42797,0.43937,0.4214,0.42727,1420395.3,XRP-USDC
2019-06-21,0.42727,0.45,0.421,0.43793,1766653.8,XRP-USDC
2019-06-22,0.43865,0.51,0.43844,0.48066,4788803.4,XRP-USDC
2019-06-23,0.48066,0.49448,0.45,0.47163,2640242.8,XRP-USDC
2019-06-24,0.47163,0.48429,0.446,0.46164,1808210.6,XRP-USDC
2019-06-25,0.46258,0.47561,0.4556,0.4637,1417411.6,XRP-USDC
2019-06-26,0.4637,0.49383,0.45451,0.48784,2969200.9,XRP-USDC
2019-06-27,0.48962,0.4939,0.40874,0.42356,5479960.2,XRP-USDC
2019-06-28,0.42356,0.42399,0.3813,0.4122,3914781.4,XRP-USDC
2019-06-29,0.4122,0.42493,0.4,0.41569,1580070.3,XRP-USDC
2019-06-30,0.41569,0.431,0.39358,0.40197,2026800.7,XRP-USDC
2019-07-01,0.40058,0.41929,0.3863,0.39407,1798631.8,XRP-USDC
2019-07-02,0.39407,0.40998,0.38,0.40074,1917672.1,XRP-USDC
2019-07-03,0.40074,0.4083,0.39301,0.40171,1069185.5,XRP-USDC
2019-07-04,0.40171,0.409,0.39106,0.39549,803315.1,XRP-USDC
2019-07-05,0.39549,0.3958,0.37392,0.38118,799560.6,XRP-USDC
2019-07-06,0.38118,0.41399,0.37633,0.4034,1845887.4,XRP-USDC
2019-07-07,0.4034,0.40653,0.38668,0.3909,1261850.7,XRP-USDC
2019-07-08,0.3909,0.40457,0.38861,0.39947,966949.7,XRP-USDC
2019-07-09,0.40008,0.40842,0.39179,0.39407,1709221.3,XRP-USDC
2019-07-10,0.39407,0.3985,0.34516,0.35435,3856199.0,XRP-USDC
2019-07-11,0.35432,0.36407,0.31838,0.32544,5678948.2,XRP-USDC
2019-07-12,0.32489,0.35066,0.31755,0.34047,3017066.0,XRP-USDC
2019-07-13,0.34047,0.349,0.32766,0.33555,1798264.5,XRP-USDC
2019-07-14,0.33555,0.33615,0.30001,0.3045,1943315.6,XRP-USDC
2019-07-15,0.30306,0.32083,0.29501,0.32,2450336.6,XRP-USDC
2019-07-16,0.32036,0.32295,0.30463,0.30937,1345873.7,XRP-USDC
2019-07-17,0.30937,0.31555,0.28391,0.3133,4288547.4,XRP-USDC
2019-07-18,0.31301,0.32706,0.30322,0.32419,2415800.2,XRP-USDC
2019-07-19,0.32481,0.32662,0.309,0.31445,1745017.2,XRP-USDC
2019-07-20,0.31617,0.33257,0.31358,0.33131,1093928.6,XRP-USDC
2019-07-21,0.33214,0.34195,0.32109,0.32435,1663762.6,XRP-USDC
2019-07-22,0.32435,0.33247,0.31501,0.31605,1207324.4,XRP-USDC
2019-07-23,0.31605,0.3235,0.30753,0.30819,794044.7,XRP-USDC
2019-07-24,0.30706,0.31836,0.302,0.31722,1158604.3,XRP-USDC
2019-07-25,0.31723,0.3237,0.30908,0.31615,1468243.1,XRP-USDC
2019-07-26,0.31615,0.31787,0.30707,0.31709,494792.7,XRP-USDC
2019-07-27,0.31709,0.32686,0.30407,0.30936,1147307.7,XRP-USDC
2019-07-28,0.30936,0.31214,0.30611,0.30903,384979.0,XRP-USDC
2019-07-29,0.30928,0.31469,0.29839,0.308,639495.0,XRP-USDC
2019-07-30,0.308,0.32178,0.30534,0.3186,452926.7,XRP-USDC
2019-07-31,0.3186,0.3239,0.31684,0.31971,377385.8,XRP-USDC
2019-08-01,0.31971,0.32009,0.312,0.31295,967852.6,XRP-USDC
2019-08-02,0.31295,0.31787,0.3125,0.31425,449476.6,XRP-USDC
2019-08-03,0.31425,0.31783,0.309,0.3156,1031131.4,XRP-USDC
2019-08-04,0.3156,0.32346,0.31202,0.32045,436384.1,XRP-USDC
2019-08-05,0.32045,0.33112,0.31871,0.32632,1086777.2,XRP-USDC
2019-08-06,0.32632,0.32807,0.31334,0.31575,1132380.6,XRP-USDC
2019-08-07,0.31575,0.31628,0.3075,0.30979,2047839.1,XRP-USDC
2019-08-08,0.30979,0.31292,0.30505,0.30597,1085278.8,XRP-USDC
2019-08-09,0.30597,0.30867,0.29506,0.296,896366.1,XRP-USDC
2019-08-10,0.29552,0.30522,0.28964,0.29481,774957.5,XRP-USDC
2019-08-11,0.29481,0.30233,0.29355,0.29924,658873.6,XRP-USDC
2019-08-12,0.29924,0.30574,0.29771,0.30034,1021176.6,XRP-USDC
2019-08-13,0.29976,0.30117,0.29127,0.29365,584266.0,XRP-USDC
2019-08-14,0.29365,0.2985,0.28966,0.29006,765972.2,XRP-USDC
2019-08-15,0.29006,0.29222,0.245,0.26485,4174572.7,XRP-USDC
2019-08-16,0.26485,0.26785,0.25027,0.2621,1079939.3,XRP-USDC
2019-08-17,0.2621,0.26983,0.25824,0.26427,684970.5,XRP-USDC
2019-08-18,0.26427,0.28611,0.26193,0.28227,1210753.0,XRP-USDC
2019-08-19,0.28227,0.29149,0.27926,0.28323,891702.5,XRP-USDC
2019-08-20,0.28323,0.28325,0.26969,0.27432,893460.2,XRP-USDC
2019-08-21,0.27432,0.27517,0.25802,0.26134,683608.3,XRP-USDC
2019-08-22,0.26134,0.2743,0.25933,0.27175,843815.2,XRP-USDC
2019-08-23,0.27175,0.27767,0.26797,0.276,585236.5,XRP-USDC
2019-08-24,0.276,0.27853,0.26327,0.26836,745496.7,XRP-USDC
2019-08-25,0.26836,0.27569,0.26762,0.27037,689223.1,XRP-USDC
2019-08-26,0.27037,0.28014,0.26578,0.27059,1100670.5,XRP-USDC
2019-08-27,0.27059,0.2719,0.26459,0.2686,597362.2,XRP-USDC
2019-08-28,0.2686,0.26996,0.26462,0.26581,255188.4,XRP-USDC
2019-08-29,0.26581,0.26602,0.246,0.25218,2434751.0,XRP-USDC
2019-08-30,0.25218,0.26241,0.25085,0.2558,920654.8,XRP-USDC
2019-08-31,0.2558,0.25777,0.25263,0.25764,388237.3,XRP-USDC
2019-09-01,0.25764,0.26019,0.25342,0.25596,467485.3,XRP-USDC
2019-09-02,0.25596,0.2583,0.2508,0.25643,945691.8,XRP-USDC
2019-09-03,0.25643,0.26733,0.25643,0.26325,943331.5,XRP-USDC
2019-09-04,0.26325,0.26551,0.25627,0.25821,496823.1,XRP-USDC
2019-09-05,0.25821,0.26112,0.25398,0.25596,314859.1,XRP-USDC
2019-09-06,0.25596,0.2597,0.2544,0.2597,659974.7,XRP-USDC
2019-09-07,0.2597,0.26072,0.247,0.2597,1746255.2,XRP-USDC
2019-09-08,0.26012,0.26656,0.25572,0.26326,1161953.2,XRP-USDC
2019-09-09,0.26455,0.26497,0.25607,0.26069,1782337.2,XRP-USDC
2019-09-10,0.26069,0.26372,0.25771,0.25913,2145974.6,XRP-USDC
2019-09-11,0.25913,0.26035,0.25155,0.25206,775875.1,XRP-USDC
2019-09-12,0.2518,0.25663,0.25078,0.25398,1563168.5,XRP-USDC
2019-09-13,0.25469,0.25602,0.25162,0.25467,1386251.4,XRP-USDC
2019-09-14,0.2551,0.26559,0.2534,0.26398,2015558.8,XRP-USDC
2019-09-15,0.26398,0.26517,0.2593,0.26097,1011091.0,XRP-USDC
2019-09-16,0.26097,0.26378,0.25675,0.25849,1963218.1,XRP-USDC
2019-09-17,0.25849,0.28673,0.25666,0.28673,8078255.7,XRP-USDC
2019-09-18,0.28718,0.32582,0.28363,0.31688,14073335.7,XRP-USDC
2019-09-19,0.31688,0.31942,0.28203,0.29438,4778853.0,XRP-USDC
2019-09-20,0.29332,0.30783,0.2875,0.28953,2662707.7,XRP-USDC
2019-09-21,0.28953,0.29733,0.28299,0.29175,1653089.9,XRP-USDC
2019-09-22,0.29275,0.29337,0.27454,0.27838,1212127.4,XRP-USDC
2019-09-23,0.27838,0.27998,0.266,0.27918,1409995.4,XRP-USDC
2019-09-24,0.28037,0.2863,0.25454,0.26221,2368853.1,XRP-USDC
2019-09-25,0.26221,0.26321,0.215,0.2463,4204977.8,XRP-USDC
2019-09-26,0.24615,0.24994,0.2335,0.23598,1769978.8,XRP-USDC
2019-09-27,0.23491,0.24537,0.22802,0.23729,1305238.1,XRP-USDC
2019-09-28,0.23729,0.24776,0.23729,0.23989,1928430.7,XRP-USDC
2019-09-29,0.23989,0.24476,0.23462,0.23631,627853.1,XRP-USDC
2019-09-30,0.23701,0.26189,0.23532,0.2577,2165789.2,XRP-USDC
2019-10-01,0.25799,0.2611,0.25052,0.25217,1471038.4,XRP-USDC
2019-10-02,0.25217,0.25533,0.24451,0.24928,1568728.5,XRP-USDC
2019-10-03,0.24928,0.25391,0.24161,0.24433,855989.4,XRP-USDC
2019-10-04,0.24433,0.25503,0.2438,0.254,826990.3,XRP-USDC
2019-10-05,0.254,0.25689,0.25088,0.25524,648559.1,XRP-USDC
2019-10-06,0.25523,0.25683,0.24741,0.25519,1296761.7,XRP-USDC
2019-10-07,0.25519,0.2804,0.25073,0.279,3225953.9,XRP-USDC
2019-10-08,0.279,0.28574,0.27072,0.27306,2165057.6,XRP-USDC
2019-10-09,0.27306,0.28743,0.27298,0.28065,1818523.9,XRP-USDC
2019-10-10,0.28065,0.28334,0.26515,0.27353,1082289.7,XRP-USDC
2019-10-11,0.27353,0.27729,0.265,0.27069,1254485.2,XRP-USDC
2019-10-12,0.27069,0.27761,0.26641,0.27239,1097539.5,XRP-USDC
2019-10-13,0.27239,0.28108,0.27088,0.28042,567229.4,XRP-USDC
2019-10-14,0.28062,0.29347,0.27329,0.28945,1818676.1,XRP-USDC
2019-10-15,0.28945,0.29923,0.28772,0.29211,1795037.6,XRP-USDC
2019-10-16,0.29211,0.29211,0.27795,0.282,1218713.7,XRP-USDC
2019-10-17,0.282,0.30285,0.27987,0.29927,1012789.4,XRP-USDC
2019-10-18,0.29933,0.30324,0.284,0.29036,903886.3,XRP-USDC
2019-10-19,0.29054,0.2994,0.28844,0.29295,938547.0,XRP-USDC
2019-10-20,0.29295,0.29402,0.28132,0.2924,1019067.0,XRP-USDC
2019-10-21,0.29384,0.29643,0.28852,0.29,649206.9,XRP-USDC
2019-10-22,0.29,0.30305,0.29,0.29509,831872.9,XRP-USDC
2019-10-23,0.29509,0.29643,0.26571,0.26863,1445514.7,XRP-USDC
2019-10-24,0.26756,0.27815,0.25,0.27504,1324252.0,XRP-USDC
2019-10-25,0.27504,0.29631,0.27495,0.29227,1193601.8,XRP-USDC
2019-10-26,0.29273,0.314,0.286,0.29141,3501233.6,XRP-USDC
2019-10-27,0.29141,0.30324,0.28465,0.298,1981460.7,XRP-USDC
2019-10-28,0.298,0.30565,0.29413,0.29953,1717880.2,XRP-USDC
2019-10-29,0.29953,0.31,0.29482,0.30317,1512341.6,XRP-USDC
2019-10-30,0.30352,0.30648,0.28999,0.2932,1195529.6,XRP-USDC
2019-10-31,0.29335,0.299,0.28801,0.293,957063.3,XRP-USDC
2019-11-01,0.293,0.2955,0.28772,0.28772,843277.1,XRP-USDC
2019-11-02,0.28772,0.295,0.285,0.295,613093.9,XRP-USDC
2019-11-03,0.295,0.298,0.28896,0.29127,529858.5,XRP-USDC
2019-11-04,0.29127,0.29648,0.28896,0.29591,852597.7,XRP-USDC
2019-11-05,0.29591,0.30488,0.29301,0.30107,2392710.2,XRP-USDC
2019-11-06,0.30107,0.30248,0.29693,0.2995,1454341.3,XRP-USDC
2019-11-07,0.29988,0.31467,0.275,0.28852,3680438.9,XRP-USDC
2019-11-08,0.28817,0.29162,0.27002,0.2744,2057259.0,XRP-USDC
2019-11-09,0.27443,0.28131,0.27239,0.278,1119420.0,XRP-USDC
2019-11-10,0.278,0.2818,0.275,0.27853,644609.3,XRP-USDC
2019-11-11,0.27853,0.28396,0.26896,0.27208,1044626.5,XRP-USDC
2019-11-12,0.27208,0.27538,0.26668,0.27025,536131.0,XRP-USDC
2019-11-13,0.27025,0.27511,0.26967,0.27155,574289.6,XRP-USDC
2019-11-14,0.27155,0.27352,0.262,0.26695,588842.1,XRP-USDC
2019-11-15,0.26695,0.26909,0.252,0.25928,1019345.1,XRP-USDC
2019-11-16,0.25928,0.26393,0.25834,0.26159,576053.6,XRP-USDC
2019-11-17,0.26159,0.26494,0.2587,0.26392,267022.7,XRP-USDC
2019-11-18,0.26392,0.26591,0.25601,0.25676,1509486.2,XRP-USDC
2019-11-19,0.25676,0.25868,0.2375,0.24855,2883217.5,XRP-USDC
2019-11-20,0.24855,0.25797,0.24693,0.25087,2940400.7,XRP-USDC
2019-11-21,0.25102,0.25315,0.23194,0.24049,1488915.2,XRP-USDC
2019-11-22,0.24113,0.2452,0.22116,0.23158,4344778.3,XRP-USDC
2019-11-23,0.23205,0.23393,0.22581,0.23354,3595280.3,XRP-USDC
2019-11-24,0.23354,0.23546,0.22376,0.22458,2364855.6,XRP-USDC
2019-11-25,0.22368,0.227,0.20009,0.22191,5090781.2,XRP-USDC
2019-11-26,0.22313,0.2246,0.21377,0.21665,2208871.4,XRP-USDC
2019-11-27,0.21665,0.22361,0.21276,0.2218,1896602.1,XRP-USDC
2019-11-28,0.22301,0.22961,0.22068,0.22752,1377642.5,XRP-USDC
2019-11-29,0.22752,0.23265,0.2227,0.2312,1642385.6,XRP-USDC
2019-11-30,0.2312,0.23239,0.2245,0.22453,425692.8,XRP-USDC
2019-12-01,0.22522,0.22638,0.21878,0.22135,1033234.9,XRP-USDC
2019-12-02,0.22135,0.22625,0.21761,0.21927,1012052.0,XRP-USDC
2019-12-03,0.21927,0.22164,0.21738,0.22055,745884.4,XRP-USDC
2019-12-04,0.22055,0.22521,0.20988,0.21991,2368018.9,XRP-USDC
2019-12-05,0.21991,0.22079,0.21224,0.215,996624.7,XRP-USDC
2019-12-06,0.215,0.226,0.215,0.22305,1864249.5,XRP-USDC
2019-12-07,0.22305,0.22832,0.22286,0.22555,1179893.8,XRP-USDC
2019-12-08,0.22555,0.23197,0.22431,0.23169,514014.5,XRP-USDC
2019-12-09,0.23169,0.23173,0.22479,0.22542,463644.2,XRP-USDC
2019-12-10,0.22479,0.22605,0.21961,0.22025,587943.9,XRP-USDC
2019-12-11,0.22025,0.22358,0.21897,0.22076,408559.1,XRP-USDC
2019-12-12,0.22076,0.2228,0.21683,0.21966,334026.3,XRP-USDC
2019-12-13,0.21966,0.22126,0.21498,0.21961,269987.2,XRP-USDC
2019-12-14,0.21961,0.22068,0.21561,0.21585,267653.5,XRP-USDC
2019-12-15,0.21585,0.2188,0.21419,0.21736,220275.1,XRP-USDC
2019-12-16,0.21736,0.21857,0.2101,0.21264,350665.7,XRP-USDC
2019-12-17,0.21259,0.21399,0.1899,0.19391,2127405.3,XRP-USDC
2019-12-18,0.19391,0.19624,0.17488,0.1898,5581229.4,XRP-USDC
2019-12-19,0.19061,0.29,0.18461,0.18892,3110308.6,XRP-USDC
2019-12-20,0.18892,0.196,0.1838,0.19208,1446666.4,XRP-USDC
2019-12-21,0.19208,0.19777,0.19024,0.19263,3097488.0,XRP-USDC
2019-12-22,0.19224,0.19505,0.19048,0.1929,398005.6,XRP-USDC
2019-12-23,0.1929,0.19914,0.19285,0.19594,1793767.5,XRP-USDC
2019-12-24,0.19594,0.19733,0.1885,0.19024,2152268.2,XRP-USDC
2019-12-25,0.19024,0.19102,0.18629,0.18724,1036889.6,XRP-USDC
2019-12-26,0.18724,0.19,0.1861,0.18812,534555.9,XRP-USDC
2019-12-27,0.18907,0.19372,0.18397,0.18842,1520861.1,XRP-USDC
2019-12-28,0.18842,0.19372,0.18784,0.19219,800868.1,XRP-USDC
2019-12-29,0.19216,0.19557,0.19082,0.19521,728498.8,XRP-USDC
2019-12-30,0.19521,0.19812,0.19185,0.19198,1248625.0,XRP-USDC
2019-12-31,0.19198,0.1935,0.18958,0.1905,472271.9,XRP-USDC
2020-01-01,0.19055,0.1944,0.18945,0.19327,1174175.0,XRP-USDC
2020-01-02,0.19327,0.19447,0.18958,0.18978,991892.6,XRP-USDC
2020-01-03,0.18978,0.1935,0.18412,0.19137,1961580.5,XRP-USDC
2020-01-04,0.19137,0.19376,0.19137,0.19227,471419.6,XRP-USDC
2020-01-05,0.19227,0.19626,0.1906,0.19621,1609905.6,XRP-USDC
2020-01-06,0.19621,0.21595,0.19379,0.21198,3276067.7,XRP-USDC
2020-01-07,0.21288,0.22509,0.2074,0.20796,3048931.2,XRP-USDC
2020-01-08,0.20796,0.21942,0.20796,0.21238,4177065.5,XRP-USDC
2020-01-09,0.21238,0.21312,0.197,0.204,1395875.2,XRP-USDC
2020-01-10,0.20448,0.20942,0.20002,0.20818,1044868.4,XRP-USDC
2020-01-11,0.20818,0.21467,0.20661,0.21101,1571227.8,XRP-USDC
2020-01-12,0.21098,0.21986,0.20947,0.21534,1647461.0,XRP-USDC
2020-01-13,0.21534,0.21556,0.20984,0.21027,1057270.7,XRP-USDC
2020-01-14,0.21027,0.228,0.20966,0.22516,3097200.1,XRP-USDC
2020-01-15,0.22497,0.245,0.22132,0.23403,4501705.3,XRP-USDC
2020-01-16,0.23521,0.23697,0.22205,0.22721,2334490.2,XRP-USDC
2020-01-17,0.22677,0.23697,0.22439,0.23473,1773515.0,XRP-USDC
2020-01-18,0.23417,0.254,0.22951,0.24499,2745610.9,XRP-USDC
2020-01-19,0.2449,0.25148,0.22683,0.23301,2771984.1,XRP-USDC
2020-01-20,0.23222,0.23618,0.224,0.23243,2247813.5,XRP-USDC
2020-01-21,0.23252,0.24136,0.23139,0.23609,1547906.1,XRP-USDC
2020-01-22,0.23609,0.239,0.22912,0.23389,1650099.6,XRP-USDC
2020-01-23,0.23389,0.23697,0.2245,0.22683,891402.3,XRP-USDC
2020-01-24,0.22683,0.22683,0.2136,0.22333,755056.7,XRP-USDC
2020-01-25,0.22337,0.22428,0.21644,0.2192,717006.5,XRP-USDC
2020-01-26,0.2192,0.22386,0.21704,0.2222,526180.7,XRP-USDC
2020-01-27,0.2224,0.2344,0.2224,0.23196,9263387.5,XRP-USDC
2020-01-28,0.23196,0.241,0.22951,0.23453,1305568.3,XRP-USDC
2020-01-29,0.23415,0.24179,0.232,0.2337,1294019.0,XRP-USDC
2020-01-30,0.2337,0.23851,0.23026,0.23796,974990.6,XRP-USDC
2020-01-31,0.23805,0.24608,0.23324,0.23805,1518392.0,XRP-USDC
2020-02-01,0.23805,0.24281,0.23526,0.23905,430672.5,XRP-USDC
2020-02-02,0.23905,0.26109,0.23514,0.25613,1973239.0,XRP-USDC
2020-02-03,0.25613,0.25989,0.24713,0.24764,1124150.4,XRP-USDC
2020-02-04,0.24764,0.27006,0.2472,0.26709,2039249.6,XRP-USDC
2020-02-05,0.26815,0.28113,0.26197,0.2773,4564603.5,XRP-USDC
2020-02-06,0.2776,0.28555,0.2685,0.27958,2825862.5,XRP-USDC
2020-02-07,0.27958,0.28784,0.27573,0.27946,3456192.6,XRP-USDC
2020-02-08,0.27951,0.282,0.26323,0.27719,2845576.9,XRP-USDC
2020-02-09,0.27719,0.28951,0.27435,0.27982,1201996.3,XRP-USDC
2020-02-10,0.27982,0.28409,0.26733,0.27489,1795647.6,XRP-USDC
2020-02-11,0.27416,0.27816,0.26714,0.27816,1087142.9,XRP-USDC
2020-02-12,0.27865,0.30332,0.278,0.29597,2976905.5,XRP-USDC
2020-02-13,0.29597,0.33974,0.29513,0.32739,5930986.1,XRP-USDC
2020-02-14,0.32856,0.33438,0.311,0.32869,3777765.8,XRP-USDC
2020-02-15,0.32869,0.347,0.31547,0.32185,3391443.0,XRP-USDC
2020-02-16,0.3222,0.32877,0.292,0.29644,3487330.7,XRP-USDC
2020-02-17,0.2945,0.29971,0.26895,0.28217,3691904.1,XRP-USDC
2020-02-18,0.28417,0.295,0.27568,0.29069,2992529.8,XRP-USDC
2020-02-19,0.29069,0.30337,0.28978,0.29595,2728840.5,XRP-USDC
2020-02-20,0.29635,0.30655,0.26392,0.27106,2709028.5,XRP-USDC
2020-02-21,0.27106,0.27857,0.26197,0.27658,2487833.2,XRP-USDC
2020-02-22,0.27712,0.2791,0.26847,0.27228,918039.1,XRP-USDC
2020-02-23,0.27228,0.28537,0.2712,0.28102,635432.0,XRP-USDC
2020-02-24,0.28141,0.285,0.27,0.27226,1196222.9,XRP-USDC
2020-02-25,0.27226,0.27283,0.256,0.25642,1881949.0,XRP-USDC
2020-02-26,0.25642,0.25905,0.23203,0.23366,2949458.8,XRP-USDC
2020-02-27,0.23341,0.24277,0.22201,0.2412,4776851.1,XRP-USDC
2020-02-28,0.2412,0.24727,0.22836,0.23711,2652906.2,XRP-USDC
2020-02-29,0.23698,0.24308,0.23158,0.23604,1339730.1,XRP-USDC
2020-03-01,0.23604,0.23604,0.22868,0.23165,1153693.9,XRP-USDC
2020-03-02,0.23165,0.23811,0.2244,0.23719,1266608.6,XRP-USDC
2020-03-03,0.23719,0.24148,0.23233,0.23414,1909418.6,XRP-USDC
2020-03-04,0.23414,0.23818,0.2299,0.2313,1835886.7,XRP-USDC
2020-03-05,0.23088,0.24251,0.23022,0.23993,1265693.4,XRP-USDC
2020-03-06,0.23993,0.24627,0.23817,0.24122,1067524.4,XRP-USDC
2020-03-07,0.24122,0.24557,0.24053,0.2425,729901.8,XRP-USDC
2020-03-08,0.2425,0.24425,0.2136,0.21749,1562886.1,XRP-USDC
2020-03-09,0.21749,0.21749,0.198,0.20184,5252589.0,XRP-USDC
2020-03-10,0.20168,0.21543,0.19982,0.20791,2045129.2,XRP-USDC
2020-03-11,0.20762,0.21372,0.20369,0.20549,1731878.6,XRP-USDC
2020-03-12,0.20555,0.20998,0.14079,0.16468,4653460.8,XRP-USDC
2020-03-13,0.16468,0.16865,0.10448,0.14828,12144038.7,XRP-USDC
2020-03-14,0.1481,0.16371,0.13774,0.1512,3075684.4,XRP-USDC
2020-03-15,0.15083,0.15826,0.14352,0.1525,2153812.0,XRP-USDC
2020-03-16,0.1525,0.1647,0.12687,0.14409,5464850.0,XRP-USDC
2020-03-17,0.14521,0.15243,0.13758,0.14865,4481517.6,XRP-USDC
2020-03-18,0.14865,0.1509,0.14059,0.14588,2349802.8,XRP-USDC
2020-03-19,0.14588,0.15732,0.14279,0.1568,4348001.9,XRP-USDC
2020-03-20,0.15747,0.17554,0.15531,0.16839,8745669.3,XRP-USDC
2020-03-21,0.16839,0.16931,0.14499,0.15746,3252188.2,XRP-USDC
2020-03-22,0.15803,0.16195,0.15126,0.15372,2445848.3,XRP-USDC
2020-03-23,0.15372,0.16219,0.14483,0.15417,2394981.0,XRP-USDC
2020-03-24,0.15517,0.16449,0.15517,0.16062,2876518.6,XRP-USDC
2020-03-25,0.16062,0.16557,0.15736,0.15973,4371424.5,XRP-USDC
2020-03-26,0.15973,0.16343,0.15899,0.16157,1557257.1,XRP-USDC
2020-03-27,0.16157,0.18,0.16135,0.17586,5830338.2,XRP-USDC
2020-03-28,0.17586,0.18732,0.16662,0.17096,3462000.5,XRP-USDC
2020-03-29,0.17052,0.17982,0.169,0.17311,3855574.3,XRP-USDC
2020-03-30,0.17306,0.17534,0.16203,0.17207,3858138.4,XRP-USDC
2020-03-31,0.17207,0.17802,0.17079,0.17689,1221799.6,XRP-USDC
2020-04-01,0.17682,0.17827,0.17105,0.17203,1125607.3,XRP-USDC
2020-04-02,0.17203,0.17964,0.16811,0.17867,2262864.9,XRP-USDC
2020-04-03,0.17867,0.18724,0.17538,0.17904,1964164.7,XRP-USDC
2020-04-04,0.17894,0.18209,0.17618,0.17976,1441520.0,XRP-USDC
2020-04-05,0.17976,0.1842,0.17884,0.18022,1622478.1,XRP-USDC
2020-04-06,0.18022,0.19113,0.1765,0.1911,2288754.1,XRP-USDC
2020-04-07,0.19115,0.20571,0.19069,0.2008,3533241.1,XRP-USDC
2020-04-08,0.20055,0.20305,0.19003,0.19883,1868762.5,XRP-USDC
2020-04-09,0.19883,0.20271,0.19413,0.19904,1508432.1,XRP-USDC
2020-04-10,0.19904,0.20021,0.18191,0.18238,2412711.8,XRP-USDC
2020-04-11,0.18221,0.19245,0.18221,0.1876,2855871.7,XRP-USDC
2020-04-12,0.1876,0.19493,0.18553,0.19382,1848161.7,XRP-USDC
2020-04-13,0.19382,0.196,0.18,0.1845,2888059.5,XRP-USDC
2020-04-14,0.18463,0.18971,0.18386,0.18771,2106796.2,XRP-USDC
2020-04-15,0.18784,0.19003,0.18194,0.18252,2110378.7,XRP-USDC
2020-04-16,0.18221,0.19305,0.174,0.18961,2718705.0,XRP-USDC
2020-04-17,0.19063,0.19371,0.1866,0.18848,1360746.6,XRP-USDC
2020-04-18,0.18867,0.19505,0.18834,0.19445,1424772.8,XRP-USDC
2020-04-19,0.19455,0.1972,0.18783,0.19013,823681.7,XRP-USDC
2020-04-20,0.18999,0.19453,0.18616,0.18947,1939797.7,XRP-USDC
2020-04-21,0.18947,0.18947,0.17837,0.18415,1619341.6,XRP-USDC
2020-04-22,0.18369,0.18966,0.18247,0.18815,1532349.2,XRP-USDC
2020-04-23,0.18878,0.2,0.18603,0.19589,2147117.5,XRP-USDC
2020-04-24,0.1969,0.19724,0.19179,0.19426,1442556.9,XRP-USDC
2020-04-25,0.19426,0.19799,0.19229,0.19398,631656.4,XRP-USDC
2020-04-26,0.19421,0.19769,0.19218,0.19411,704086.7,XRP-USDC
2020-04-27,0.1929,0.20001,0.1929,0.19547,970468.3,XRP-USDC
2020-04-28,0.19547,0.21019,0.19462,0.20705,1930095.4,XRP-USDC
2020-04-29,0.20705,0.225,0.20687,0.22267,2978055.8,XRP-USDC
2020-04-30,0.22307,0.236,0.21049,0.21598,4045469.7,XRP-USDC
2020-05-01,0.21598,0.22449,0.20859,0.21586,3050494.8,XRP-USDC
2020-05-02,0.2156,0.225,0.21362,0.22409,929979.8,XRP-USDC
2020-05-03,0.22409,0.22676,0.21619,0.21772,863756.3,XRP-USDC
2020-05-04,0.21755,0.22106,0.2079,0.21846,2380654.4,XRP-USDC
2020-05-05,0.21908,0.22234,0.21237,0.21632,890180.1,XRP-USDC
2020-05-06,0.21632,0.22259,0.21497,0.22045,575656.6,XRP-USDC
2020-05-07,0.22045,0.22045,0.20977,0.21468,1158716.1,XRP-USDC
2020-05-08,0.21468,0.2222,0.21369,0.21796,1178254.2,XRP-USDC
2020-05-09,0.21796,0.225,0.21748,0.22061,2109367.6,XRP-USDC
2020-05-10,0.22088,0.22237,0.17805,0.19576,2759167.1,XRP-USDC
2020-05-11,0.19576,0.20025,0.18722,0.19546,1414033.2,XRP-USDC
2020-05-12,0.19546,0.19963,0.18495,0.19856,1377315.0,XRP-USDC
2020-05-13,0.19856,0.20255,0.19333,0.2018,1932059.1,XRP-USDC
2020-05-14,0.2018,0.20634,0.19851,0.20389,2283600.1,XRP-USDC
2020-05-15,0.20389,0.20518,0.19719,0.19958,1924677.5,XRP-USDC
2020-05-16,0.19958,0.20195,0.195,0.19881,1116974.9,XRP-USDC
2020-05-17,0.19924,0.20441,0.19751,0.20345,731604.6,XRP-USDC
2020-05-18,0.20345,0.20796,0.20075,0.20414,2580936.3,XRP-USDC
2020-05-19,0.20414,0.20643,0.20067,0.20371,2106533.4,XRP-USDC
2020-05-20,0.20371,0.20591,0.197,0.19949,1068849.1,XRP-USDC
2020-05-21,0.19899,0.20273,0.189,0.19277,996988.2,XRP-USDC
2020-05-22,0.19258,0.20171,0.18971,0.20141,2450497.6,XRP-USDC
2020-05-23,0.20143,0.20247,0.19808,0.19988,1175018.0,XRP-USDC
2020-05-24,0.19988,0.20127,0.19671,0.19832,440866.6,XRP-USDC
2020-05-25,0.19742,0.19796,0.18946,0.19329,1109559.9,XRP-USDC
2020-05-26,0.19364,0.19711,0.19145,0.19145,1054389.9,XRP-USDC
2020-05-27,0.19169,0.20093,0.19169,0.19763,1089158.1,XRP-USDC
2020-05-28,0.19808,0.19884,0.195,0.19872,1087096.3,XRP-USDC
2020-05-29,0.19872,0.20275,0.19611,0.19755,1433227.1,XRP-USDC
2020-05-30,0.19755,0.2062,0.19585,0.20304,1406550.6,XRP-USDC
2020-05-31,0.20304,0.21312,0.20185,0.20627,1593249.2,XRP-USDC
2020-06-01,0.20627,0.20882,0.20041,0.20425,1112055.1,XRP-USDC
2020-06-02,0.20425,0.21448,0.19587,0.2012,3016437.5,XRP-USDC
2020-06-03,0.20066,0.20463,0.20032,0.20359,1042277.3,XRP-USDC
2020-06-04,0.20359,0.20699,0.2,0.20542,1911350.7,XRP-USDC
2020-06-05,0.20542,0.20559,0.20155,0.20275,1229968.8,XRP-USDC
2020-06-06,0.2031,0.20469,0.20116,0.20466,629534.7,XRP-USDC
2020-06-07,0.20466,0.20489,0.19856,0.2007,990127.8,XRP-USDC
2020-06-08,0.2007,0.20362,0.19979,0.20185,1057583.1,XRP-USDC
2020-06-09,0.20185,0.20533,0.19976,0.20218,914374.4,XRP-USDC
2020-06-10,0.20218,0.20272,0.20056,0.20108,538271.3,XRP-USDC
2020-06-11,0.20108,0.21289,0.19316,0.19448,2718059.7,XRP-USDC
2020-06-12,0.19448,0.19496,0.184,0.19256,1050565.0,XRP-USDC
2020-06-13,0.19256,0.19376,0.19094,0.19289,648487.2,XRP-USDC
2020-06-14,0.19289,0.19358,0.18968,0.1906,351317.2,XRP-USDC
2020-06-15,0.1906,0.19197,0.18176,0.18645,945426.4,XRP-USDC
2020-06-16,0.18645,0.19399,0.18645,0.19049,947800.6,XRP-USDC
2020-06-17,0.19049,0.19841,0.18959,0.19121,2423582.7,XRP-USDC
2020-06-18,0.1905,0.19333,0.18837,0.18864,536209.3,XRP-USDC
2020-06-19,0.18876,0.19015,0.18663,0.1879,1306481.8,XRP-USDC
2020-06-20,0.1879,0.18873,0.18458,0.18575,659475.4,XRP-USDC
2020-06-21,0.18575,0.18859,0.18575,0.18779,419767.1,XRP-USDC
2020-06-22,0.18779,0.18928,0.18578,0.1878,637534.0,XRP-USDC
2020-06-23,0.18804,0.19055,0.18781,0.18911,782416.7,XRP-USDC
2020-06-24,0.18911,0.1901,0.18129,0.18129,888746.0,XRP-USDC
2020-06-25,0.18129,0.18384,0.17851,0.18204,508542.0,XRP-USDC
2020-06-26,0.18204,0.18655,0.17826,0.18223,1190358.4,XRP-USDC
2020-06-27,0.18223,0.1836,0.17978,0.18089,256074.6,XRP-USDC
2020-06-28,0.18041,0.18043,0.16899,0.1793,1126203.6,XRP-USDC
2020-06-29,0.1793,0.17953,0.1748,0.17672,1117913.7,XRP-USDC
2020-06-30,0.17672,0.17916,0.1748,0.17608,843452.1,XRP-USDC
2020-07-01,0.17608,0.17728,0.17375,0.17713,803710.7,XRP-USDC
2020-07-02,0.17713,0.17816,0.1731,0.1742,641627.1,XRP-USDC
2020-07-03,0.1742,0.17817,0.17254,0.177,1108230.5,XRP-USDC
2020-07-04,0.177,0.1786,0.17573,0.17753,327738.0,XRP-USDC
2020-07-05,0.17753,0.17949,0.1748,0.17602,582425.6,XRP-USDC
2020-07-06,0.17602,0.18777,0.17392,0.18715,800405.6,XRP-USDC
2020-07-07,0.18776,0.1892,0.18388,0.1857,782074.2,XRP-USDC
2020-07-08,0.1857,0.20201,0.18325,0.19902,2448887.3,XRP-USDC
2020-07-09,0.19902,0.21162,0.19798,0.20102,4652748.8,XRP-USDC
2020-07-10,0.20057,0.20284,0.19254,0.19846,2938764.5,XRP-USDC
2020-07-11,0.19846,0.20442,0.19728,0.19999,3128822.8,XRP-USDC
2020-07-12,0.19999,0.20379,0.1979,0.19895,1055335.2,XRP-USDC
2020-07-13,0.1989,0.20632,0.19784,0.20243,1882601.1,XRP-USDC
2020-07-14,0.20243,0.2032,0.19173,0.19878,1753551.8,XRP-USDC
2020-07-15,0.19829,0.19982,0.19639,0.19677,2860647.6,XRP-USDC
2020-07-16,0.19658,0.19832,0.1879,0.19176,3246941.5,XRP-USDC
2020-07-17,0.19176,0.1979,0.19092,0.19544,4037554.2,XRP-USDC
2020-07-18,0.19544,0.19954,0.19297,0.1984,2476671.4,XRP-USDC
2020-07-19,0.1984,0.20202,0.19593,0.19678,1576807.1,XRP-USDC
2020-07-20,0.19678,0.20017,0.19641,0.19775,3658915.1,XRP-USDC
2020-07-21,0.19775,0.20075,0.19198,0.19883,3312235.2,XRP-USDC
2020-07-22,0.19883,0.1997,0.19606,0.19909,651095.7,XRP-USDC
2020-07-23,0.19909,0.21,0.19873,0.2076,4905646.6,XRP-USDC
2020-07-24,0.2076,0.2105,0.20217,0.2042,2663415.5,XRP-USDC
2020-07-25,0.2042,0.20931,0.2032,0.20827,1441632.7,XRP-USDC
2020-07-26,0.20827,0.22532,0.2075,0.21691,9097606.3,XRP-USDC
2020-07-27,0.21726,0.22338,0.2093,0.2134,6107459.1,XRP-USDC
2020-07-28,0.2134,0.22896,0.2134,0.22813,8825875.7,XRP-USDC
2020-07-29,0.22813,0.24421,0.22468,0.23941,8020450.5,XRP-USDC
2020-07-30,0.23962,0.2504,0.234,0.24385,6214962.4,XRP-USDC
2020-07-31,0.24385,0.24963,0.24141,0.24664,3362100.4,XRP-USDC
2020-08-01,0.24707,0.2716,0.24613,0.26793,10801043.7,XRP-USDC
2020-08-02,0.26793,0.326,0.25,0.28605,16113946.4,XRP-USDC
2020-08-03,0.28657,0.3185,0.282,0.31171,10432529.0,XRP-USDC
2020-08-04,0.31262,0.32011,0.29092,0.30276,11745274.3,XRP-USDC
2020-08-05,0.30289,0.30833,0.291,0.30256,8612669.9,XRP-USDC
2020-08-06,0.3029,0.31122,0.29699,0.30988,4334806.7,XRP-USDC
2020-08-07,0.30978,0.31011,0.29664,0.29966,5514092.9,XRP-USDC
2020-08-08,0.29982,0.30095,0.27987,0.29602,3152640.9,XRP-USDC
2020-08-09,0.29602,0.2984,0.28261,0.28495,1207485.5,XRP-USDC
2020-08-10,0.28562,0.30046,0.283,0.29592,2866637.3,XRP-USDC
2020-08-11,0.29592,0.30704,0.28389,0.28796,3654612.2,XRP-USDC
2020-08-12,0.28746,0.29108,0.26858,0.28398,3956707.1,XRP-USDC
2020-08-13,0.28424,0.2859,0.27282,0.27677,2030724.4,XRP-USDC
2020-08-14,0.27677,0.30334,0.27565,0.2984,4420380.0,XRP-USDC
2020-08-15,0.29855,0.30746,0.292,0.30263,6282481.2,XRP-USDC
2020-08-16,0.30334,0.30499,0.2921,0.29996,4320934.0,XRP-USDC
2020-08-17,0.30042,0.31931,0.29567,0.31358,5541847.4,XRP-USDC
2020-08-18,0.31441,0.32741,0.29751,0.3018,7124395.7,XRP-USDC
2020-08-19,0.30163,0.30886,0.285,0.2904,5973727.7,XRP-USDC
2020-08-20,0.2904,0.2946,0.27885,0.2946,3927005.9,XRP-USDC
2020-08-21,0.29431,0.29551,0.2825,0.28639,3388452.1,XRP-USDC
2020-08-22,0.28514,0.28832,0.27359,0.27954,2800886.4,XRP-USDC
2020-08-23,0.27987,0.2878,0.27775,0.28382,1496849.1,XRP-USDC
2020-08-24,0.28382,0.29184,0.28229,0.2885,2567134.5,XRP-USDC
2020-08-25,0.28847,0.28984,0.27576,0.27871,1834992.7,XRP-USDC
2020-08-26,0.27871,0.27942,0.27026,0.27875,3037491.2,XRP-USDC
2020-08-27,0.27881,0.28081,0.2625,0.26428,2208808.8,XRP-USDC
2020-08-28,0.26396,0.27173,0.2545,0.27138,3184609.7,XRP-USDC
2020-08-29,0.2719,0.27689,0.26894,0.27388,1702827.3,XRP-USDC
2020-08-30,0.27388,0.28297,0.27387,0.28166,3364770.0,XRP-USDC
2020-08-31,0.28233,0.28443,0.27636,0.28032,4032750.2,XRP-USDC
2020-09-01,0.28073,0.29515,0.27541,0.2944,5230771.1,XRP-USDC
2020-09-02,0.29465,0.30375,0.26253,0.27134,7066653.5,XRP-USDC
2020-09-03,0.27069,0.27798,0.25472,0.26086,5160114.2,XRP-USDC
2020-09-04,0.2603,0.26624,0.23917,0.25103,5791032.6,XRP-USDC
2020-09-05,0.25064,0.2595,0.23789,0.24682,7235177.7,XRP-USDC
2020-09-06,0.24651,0.24801,0.22979,0.23723,6915136.8,XRP-USDC
2020-09-07,0.2367,0.24309,0.23,0.23702,4547300.3,XRP-USDC
2020-09-08,0.23702,0.24363,0.23146,0.2371,5188907.0,XRP-USDC
2020-09-09,0.23698,0.24185,0.23133,0.24185,3104607.1,XRP-USDC
2020-09-10,0.24102,0.24944,0.23779,0.24579,3918377.8,XRP-USDC
2020-09-11,0.24631,0.24655,0.23722,0.24109,4151754.9,XRP-USDC
2020-09-12,0.24114,0.24411,0.23997,0.2422,3928150.2,XRP-USDC
2020-09-13,0.24239,0.25323,0.23992,0.24062,6255892.5,XRP-USDC
2020-09-14,0.24055,0.24827,0.23768,0.24808,4587474.3,XRP-USDC
2020-09-15,0.24841,0.24933,0.24241,0.24412,3936864.3,XRP-USDC
2020-09-16,0.24412,0.24634,0.23435,0.245,4342354.3,XRP-USDC
2020-09-17,0.24488,0.25829,0.24265,0.24998,8028049.6,XRP-USDC
2020-09-18,0.24998,0.25514,0.24842,0.24962,3413295.2,XRP-USDC
2020-09-19,0.24962,0.255,0.24632,0.25093,2484885.8,XRP-USDC
2020-09-20,0.25093,0.25184,0.24419,0.24519,2801792.8,XRP-USDC
2020-09-21,0.24483,0.248,0.23,0.23239,13609711.3,XRP-USDC
2020-09-22,0.23239,0.23424,0.22918,0.2303,2669601.3,XRP-USDC
2020-09-23,0.2303,0.23506,0.23029,0.23091,4673717.0,XRP-USDC
2020-09-24,0.23073,0.2319,0.2195,0.22849,5786068.2,XRP-USDC
2020-09-25,0.22945,0.24158,0.22945,0.24003,3604932.1,XRP-USDC
2020-09-26,0.24003,0.2456,0.23784,0.24148,2341009.4,XRP-USDC
2020-09-27,0.24149,0.24449,0.23735,0.24186,2325999.7,XRP-USDC
2020-09-28,0.24186,0.24696,0.24063,0.24574,1360730.8,XRP-USDC
2020-09-29,0.24574,0.24846,0.2399,0.24106,1507445.8,XRP-USDC
2020-09-30,0.24106,0.24358,0.23763,0.24131,1981210.3,XRP-USDC
2020-10-01,0.24131,0.24443,0.23829,0.2397,1629366.9,XRP-USDC
2020-10-02,0.23904,0.23904,0.22847,0.23212,3330261.3,XRP-USDC
2020-10-03,0.2315,0.23504,0.231,0.23359,3406226.9,XRP-USDC
2020-10-04,0.23359,0.24358,0.23159,0.24043,2929316.4,XRP-USDC
2020-10-05,0.24004,0.25421,0.23994,0.2506,9225376.7,XRP-USDC
2020-10-06,0.25069,0.2595,0.24561,0.254,7438661.0,XRP-USDC
2020-10-07,0.25387,0.25418,0.24068,0.24812,5750060.9,XRP-USDC
2020-10-08,0.24812,0.25189,0.24205,0.25028,3354065.4,XRP-USDC
2020-10-09,0.25059,0.25685,0.24952,0.25231,5760809.2,XRP-USDC
2020-10-10,0.25241,0.26023,0.24981,0.25796,4491752.7,XRP-USDC
2020-10-11,0.25796,0.25836,0.25316,0.25726,4776970.2,XRP-USDC
2020-10-12,0.25726,0.2581,0.24887,0.25654,6373666.7,XRP-USDC
2020-10-13,0.25674,0.26,0.25288,0.25585,4567559.8,XRP-USDC
2020-10-14,0.25585,0.25837,0.24697,0.24802,6184878.4,XRP-USDC
2020-10-15,0.24802,0.25029,0.2431,0.24646,6055524.7,XRP-USDC
2020-10-16,0.24646,0.24842,0.2377,0.23964,6004141.0,XRP-USDC
2020-10-17,0.23964,0.24303,0.23882,0.24162,4410695.1,XRP-USDC
2020-10-18,0.24162,0.24374,0.23984,0.24273,1761977.8,XRP-USDC
2020-10-19,0.24273,0.24927,0.24014,0.24796,3051365.5,XRP-USDC
2020-10-20,0.24819,0.25036,0.24166,0.24455,3959209.9,XRP-USDC
2020-10-21,0.24457,0.25328,0.24204,0.25268,3888404.6,XRP-USDC
2020-10-22,0.25268,0.2623,0.25042,0.26163,5866646.6,XRP-USDC
2020-10-23,0.26163,0.26393,0.2533,0.25485,2325425.6,XRP-USDC
2020-10-24,0.25485,0.25698,0.25015,0.25612,3284116.3,XRP-USDC
2020-10-25,0.25612,0.25775,0.25142,0.25281,1976148.3,XRP-USDC
2020-10-26,0.25266,0.25928,0.24887,0.24971,5617458.2,XRP-USDC
2020-10-27,0.2497,0.254,0.2437,0.2532,4110080.3,XRP-USDC
2020-10-28,0.25348,0.25676,0.24453,0.24671,5368633.6,XRP-USDC
2020-10-29,0.24667,0.24783,0.23988,0.24509,3893961.0,XRP-USDC
2020-10-30,0.24459,0.24726,0.23065,0.23836,5713019.4,XRP-USDC
2020-10-31,0.23815,0.24358,0.23672,0.24108,3182300.8,XRP-USDC
2020-11-01,0.24108,0.24155,0.23671,0.23989,2716743.3,XRP-USDC
2020-11-02,0.23955,0.24512,0.2331,0.23576,4183935.3,XRP-USDC
2020-11-03,0.23503,0.24393,0.228,0.23837,5407903.7,XRP-USDC
2020-11-04,0.23793,0.24076,0.23082,0.23414,4634806.0,XRP-USDC
2020-11-05,0.23414,0.24615,0.23383,0.24592,5185036.3,XRP-USDC
2020-11-06,0.24596,0.26156,0.24276,0.25634,5200419.2,XRP-USDC
2020-11-07,0.25666,0.2675,0.25041,0.25562,4872663.5,XRP-USDC
2020-11-08,0.2557,0.2568,0.24455,0.25532,4554336.6,XRP-USDC
2020-11-09,0.25532,0.25701,0.246,0.24699,5394181.6,XRP-USDC
2020-11-10,0.24672,0.26498,0.24589,0.25316,5184641.1,XRP-USDC
2020-11-11,0.25316,0.2602,0.25255,0.25726,2068327.6,XRP-USDC
2020-11-12,0.2577,0.25968,0.25366,0.25488,2679200.5,XRP-USDC
2020-11-13,0.25493,0.26141,0.25257,0.25972,2618088.5,XRP-USDC
2020-11-14,0.25972,0.27761,0.25664,0.26552,5329123.4,XRP-USDC
2020-11-15,0.26572,0.27686,0.26225,0.27227,3120200.7,XRP-USDC
2020-11-16,0.27227,0.28454,0.2645,0.28171,3098621.1,XRP-USDC
2020-11-17,0.28249,0.30547,0.27932,0.29879,6532224.7,XRP-USDC
2020-11-18,0.29902,0.30804,0.28029,0.2887,7059692.0,XRP-USDC
2020-11-19,0.28861,0.29964,0.28414,0.2987,4386733.5,XRP-USDC
2020-11-20,0.299,0.31676,0.29722,0.31368,6341107.8,XRP-USDC
2020-11-21,0.31451,0.45685,0.31419,0.42705,14419511.5,XRP-USDC
2020-11-22,0.42901,0.49662,0.39374,0.43282,16292237.1,XRP-USDC
2020-11-23,0.4315,0.5555,0.43055,0.52771,14711735.1,XRP-USDC
2020-11-24,0.52865,0.784,0.51723,0.67395,24542565.0,XRP-USDC
2020-11-25,0.67436,0.74987,0.603,0.70633,11484654.2,XRP-USDC
2020-11-26,0.707,0.71831,0.452,0.51285,21603475.0,XRP-USDC
2020-11-27,0.51053,0.58636,0.45656,0.516,10387789.0,XRP-USDC
2020-11-28,0.51703,0.63093,0.51488,0.63029,5583026.5,XRP-USDC
2020-11-29,0.63014,0.64984,0.58328,0.61773,7012617.9,XRP-USDC
2020-11-30,0.61695,0.67795,0.585,0.63647,8307311.2,XRP-USDC
2020-12-01,0.63915,0.724,0.554,0.64086,6196043.8,XRP-USDC
2020-12-02,0.63903,0.64238,0.59533,0.61219,3295500.0,XRP-USDC
2020-12-03,0.61209,0.63863,0.6,0.63337,2135804.2,XRP-USDC
2020-12-04,0.63539,0.64198,0.58406,0.59201,3203775.9,XRP-USDC
2020-12-05,0.59194,0.59636,0.543,0.58412,4811865.9,XRP-USDC
2020-12-06,0.58239,0.628,0.57618,0.59552,2971472.5,XRP-USDC
2020-12-07,0.59568,0.62618,0.59472,0.61408,2333353.9,XRP-USDC
2020-12-08,0.61384,0.61647,0.57681,0.58679,2265511.7,XRP-USDC
2020-12-09,0.5838,0.59185,0.50335,0.54995,3798955.5,XRP-USDC
2020-12-10,0.55,0.60432,0.53958,0.5679,5070807.0,XRP-USDC
2020-12-11,0.56756,0.58761,0.52481,0.55939,3872232.9,XRP-USDC
2020-12-12,0.55956,0.58979,0.48555,0.50979,6382697.5,XRP-USDC
2020-12-13,0.50771,0.52761,0.48556,0.51556,4796150.3,XRP-USDC
2020-12-14,0.51877,0.52683,0.49199,0.49863,6245212.1,XRP-USDC
2020-12-15,0.498,0.50671,0.46519,0.47383,6484363.7,XRP-USDC
2020-12-16,0.47286,0.52121,0.43718,0.50283,6983291.8,XRP-USDC
2020-12-17,0.50427,0.61011,0.50427,0.60889,8282680.4,XRP-USDC
2020-12-18,0.60883,0.659,0.55157,0.56338,11922279.2,XRP-USDC
2020-12-19,0.56326,0.59452,0.55577,0.58984,4237164.3,XRP-USDC
2020-12-20,0.59098,0.60458,0.565,0.57894,3056495.2,XRP-USDC
2020-12-21,0.57894,0.58443,0.49755,0.5229,6459186.0,XRP-USDC
2020-12-22,0.52148,0.53036,0.45096,0.48,8192055.0,XRP-USDC
2020-12-23,0.482,0.48747,0.30369,0.31336,18643808.7,XRP-USDC
2020-12-24,0.31566,0.32658,0.215,0.272,21281617.2,XRP-USDC
2020-12-25,0.27349,0.385,0.24891,0.35652,20345188.3,XRP-USDC
2020-12-26,0.35668,0.37883,0.2761,0.29526,22655638.3,XRP-USDC
2020-12-27,0.29545,0.3269,0.26601,0.2964,8777252.4,XRP-USDC
2020-12-28,0.29722,0.31017,0.2765,0.28853,9380819.8,XRP-USDC
2020-12-29,0.28918,0.29227,0.178,0.17889,22109842.4,XRP-USDC
2020-12-30,0.17916,0.251,0.17333,0.23024,19496569.1,XRP-USDC
2020-12-31,0.23168,0.236,0.19971,0.21552,14136530.9,XRP-USDC
2021-01-01,0.2153,0.25,0.21392,0.2435,14284088.7,XRP-USDC
2021-01-02,0.24389,0.2508,0.22268,0.22877,8705527.7,XRP-USDC
2021-01-03,0.22931,0.22973,0.20981,0.22132,10999890.7,XRP-USDC
2021-01-04,0.22159,0.262,0.218,0.2339,15585174.3,XRP-USDC
2021-01-05,0.2344,0.24257,0.218,0.22743,13866132.3,XRP-USDC
2021-01-06,0.22758,0.27499,0.22064,0.2471,16264433.3,XRP-USDC
2021-01-07,0.24771,0.36199,0.23647,0.33592,21300233.9,XRP-USDC
2021-01-08,0.33736,0.37,0.28447,0.31331,15669638.7,XRP-USDC
2021-01-09,0.3137,0.33236,0.29726,0.32139,12594485.4,XRP-USDC
2021-01-10,0.32293,0.368,0.3145,0.3272,9674227.6,XRP-USDC
2021-01-11,0.32688,0.33026,0.2534,0.2665,18520249.2,XRP-USDC
2021-01-12,0.264,0.31,0.259,0.2853,9716595.4,XRP-USDC
2021-01-13,0.286,0.30461,0.285,0.29815,6265072.8,XRP-USDC
2021-01-14,0.29815,0.3096,0.28379,0.29707,11740807.2,XRP-USDC
2021-01-15,0.29675,0.30461,0.27136,0.2746,9595075.3,XRP-USDC
2021-01-16,0.2731,0.29683,0.26135,0.28785,9032365.9,XRP-USDC
2021-01-17,0.28815,0.29154,0.26825,0.27647,8372279.9,XRP-USDC
2021-01-18,0.27579,0.28875,0.27177,0.28443,7908903.7,XRP-USDC
2021-01-19,0.28436,0.3295,0.27798,0.30827,13942757.2,XRP-USDC
2021-01-20,0.3089,0.31194,0.28,0.28498,8755720.2,XRP-USDC
2021-01-21,0.2849,0.30774,0.273,0.27533,7542525.2,XRP-USDC
2021-01-22,0.27483,0.28134,0.2398,0.27455,10198943.2,XRP-USDC
2021-01-23,0.27455,0.28303,0.266,0.27162,3928910.5,XRP-USDC
2021-01-24,0.27117,0.27773,0.26873,0.2719,3640891.2,XRP-USDC
2021-01-25,0.2719,0.28517,0.26894,0.27782,4509703.5,XRP-USDC
2021-01-26,0.27823,0.2795,0.25206,0.26297,7162626.2,XRP-USDC
2021-01-27,0.26256,0.27,0.24407,0.25341,6540495.4,XRP-USDC
2021-01-28,0.25246,0.2653,0.24672,0.26349,6587111.2,XRP-USDC
2021-01-29,0.264,0.31896,0.25778,0.28711,15759311.2,XRP-USDC
2021-01-30,0.28891,0.38381,0.27812,0.38287,24974806.2,XRP-USDC
2021-01-31,0.383,0.51568,0.348,0.47899,61426529.9,XRP-USDC
2021-02-01,0.47862,0.75486,0.377,0.423,87034579.2,XRP-USDC
2021-02-02,0.42003,0.434,0.341,0.38098,35963989.1,XRP-USDC
2021-02-03,0.3811,0.39782,0.35703,0.37759,18360985.1,XRP-USDC
2021-02-04,0.37784,0.41998,0.37702,0.40482,12426057.0,XRP-USDC
2021-02-05,0.40517,0.48364,0.40517,0.44792,24698241.9,XRP-USDC
2021-02-06,0.44894,0.4658,0.42677,0.44852,9439331.6,XRP-USDC
2021-02-07,0.44771,0.45708,0.39205,0.41274,10572894.9,XRP-USDC
2021-02-08,0.41264,0.46973,0.39608,0.44538,11691550.3,XRP-USDC
2021-02-09,0.44627,0.49098,0.44042,0.45935,10817916.2,XRP-USDC
2021-02-10,0.45935,0.54323,0.43896,0.48753,15409419.2,XRP-USDC
2021-02-11,0.48753,0.534,0.47666,0.52689,11713425.8,XRP-USDC
2021-02-12,0.528,0.5995,0.51048,0.58797,14473581.9,XRP-USDC
2021-02-13,0.58903,0.64277,0.54389,0.61509,11952993.4,XRP-USDC
2021-02-14,0.61509,0.64378,0.555,0.59044,10638808.3,XRP-USDC
2021-02-15,0.59044,0.61411,0.51047,0.57518,10551752.0,XRP-USDC
2021-02-16,0.5761,0.58648,0.5234,0.53104,9440984.0,XRP-USDC
2021-02-17,0.53031,0.55443,0.48147,0.54021,13158181.4,XRP-USDC
2021-02-18,0.54157,0.55999,0.51898,0.52863,6403833.3,XRP-USDC
2021-02-19,0.52967,0.58116,0.51355,0.54863,7851066.7,XRP-USDC
2021-02-20,0.54962,0.5825,0.52,0.53652,7011299.9,XRP-USDC
2021-02-21,0.53675,0.55813,0.46987,0.53938,6940261.5,XRP-USDC
2021-02-22,0.53995,0.65179,0.51291,0.55478,15853103.9,XRP-USDC
2021-02-23,0.55479,0.63578,0.36501,0.46637,27672956.6,XRP-USDC
2021-02-24,0.46792,0.5,0.44301,0.47386,10358144.5,XRP-USDC
2021-02-25,0.47393,0.49027,0.45159,0.46915,6669603.6,XRP-USDC
2021-02-26,0.4722,0.47764,0.41117,0.4388,7433132.8,XRP-USDC
2021-02-27,0.4392,0.46437,0.41897,0.44074,5954433.9,XRP-USDC
2021-02-28,0.44011,0.45153,0.398,0.402,4836553.0,XRP-USDC
2021-03-01,0.40096,0.441,0.39356,0.441,7161288.2,XRP-USDC
2021-03-02,0.44091,0.45713,0.42877,0.44124,6493425.6,XRP-USDC
2021-03-03,0.44216,0.4685,0.42222,0.44863,6402800.9,XRP-USDC
2021-03-04,0.4495,0.47099,0.43558,0.46032,6117570.7,XRP-USDC
2021-03-05,0.46134,0.496,0.44591,0.4617,8420039.9,XRP-USDC
2021-03-06,0.45922,0.47093,0.44681,0.453,5342135.7,XRP-USDC
2021-03-07,0.453,0.46881,0.45117,0.46204,3861563.9,XRP-USDC
2021-03-08,0.464,0.49,0.45547,0.47217,4761350.7,XRP-USDC
2021-03-09,0.47279,0.48739,0.47014,0.47891,4072824.6,XRP-USDC
2021-03-10,0.48,0.48815,0.45526,0.46556,5325442.5,XRP-USDC
2021-03-11,0.46556,0.47019,0.43926,0.45125,4293284.5,XRP-USDC
2021-03-12,0.4524,0.46467,0.4225,0.44694,6027080.7,XRP-USDC
2021-03-13,0.44768,0.46604,0.43188,0.45555,4921997.7,XRP-USDC
2021-03-14,0.45684,0.46475,0.44202,0.44689,3241376.0,XRP-USDC
2021-03-15,0.447,0.44926,0.423,0.43625,3137737.5,XRP-USDC
2021-03-16,0.43695,0.52676,0.42742,0.47154,7396176.4,XRP-USDC
2021-03-17,0.47457,0.482,0.44987,0.46426,5058403.7,XRP-USDC
2021-03-18,0.46438,0.49,0.46261,0.47738,3497805.5,XRP-USDC
2021-03-19,0.47829,0.4831,0.45862,0.46992,2949556.9,XRP-USDC
2021-03-20,0.46992,0.50035,0.4647,0.49349,2872424.2,XRP-USDC
2021-03-21,0.49285,0.55323,0.49273,0.50176,8414481.1,XRP-USDC
2021-03-22,0.5005,0.59499,0.49712,0.5725,5066704.8,XRP-USDC
2021-03-23,0.57345,0.60031,0.53506,0.5686,10087937.6,XRP-USDC
2021-03-24,0.56727,0.57074,0.53545,0.54979,3610303.9,XRP-USDC
2021-03-25,0.55061,0.55061,0.44778,0.48849,8488579.6,XRP-USDC
2021-03-26,0.48825,0.57635,0.48229,0.54941,5063450.5,XRP-USDC
2021-03-27,0.55061,0.57426,0.53501,0.54729,3874198.1,XRP-USDC
2021-03-28,0.54752,0.56091,0.53863,0.55027,2639276.4,XRP-USDC
2021-03-29,0.55119,0.57,0.54092,0.55577,2626095.8,XRP-USDC
2021-03-30,0.55607,0.58629,0.55424,0.56219,3890241.0,XRP-USDC
2021-03-31,0.56312,0.57139,0.52337,0.54859,3950286.6,XRP-USDC
2021-04-01,0.54907,0.59502,0.54415,0.56373,4652692.9,XRP-USDC
2021-04-02,0.56401,0.59,0.55196,0.58136,3809560.3,XRP-USDC
2021-04-03,0.58393,0.64454,0.58216,0.61637,5165978.5,XRP-USDC
2021-04-04,0.61823,0.62413,0.566,0.59879,4141631.2,XRP-USDC
2021-04-05,0.59987,0.7679,0.59682,0.76702,8861979.6,XRP-USDC
2021-04-06,0.76534,1.1,0.74853,0.94256,25683122.4,XRP-USDC
2021-04-07,0.94285,1.11771,0.8552,0.92965,15541628.5,XRP-USDC
2021-04-08,0.9298,0.99843,0.88,0.95707,8786362.1,XRP-USDC
2021-04-09,0.95996,1.07267,0.95996,1.01293,7478550.2,XRP-USDC
2021-04-10,1.01293,1.31257,1.001,1.31257,10085671.3,XRP-USDC
2021-04-11,1.31354,1.49519,1.21608,1.37663,15386009.9,XRP-USDC
2021-04-12,1.37289,1.418,1.311,1.36861,6216648.5,XRP-USDC
2021-04-13,1.36546,1.79,1.3451,1.78256,10916073.4,XRP-USDC
2021-04-14,1.78548,1.96749,1.54066,1.70833,17834541.0,XRP-USDC
2021-04-15,1.70907,1.88499,1.6403,1.73179,9304355.9,XRP-USDC
2021-04-16,1.73795,1.84364,1.42354,1.6602,16837599.1,XRP-USDC
2021-04-17,1.66052,1.74715,1.53744,1.57408,10055213.7,XRP-USDC
2021-04-18,1.5706,1.65,1.15643,1.33031,13385128.6,XRP-USDC
2021-04-19,1.33854,1.53938,1.25235,1.29191,9637538.3,XRP-USDC
2021-04-20,1.28588,1.39274,1.18,1.33759,9552962.8,XRP-USDC
2021-04-21,1.33759,1.46481,1.2841,1.4,8412995.4,XRP-USDC
2021-04-22,1.4048,1.42,1.25002,1.32089,8016626.0,XRP-USDC
2021-04-23,1.32643,1.42,0.8846,1.10804,21651603.9,XRP-USDC
2021-04-24,1.10962,1.17983,1.02244,1.08638,6296811.0,XRP-USDC
2021-04-25,1.08324,1.1507,1.01649,1.1451,5107349.82,XRP-USDC
2021-04-26,1.15,1.277,0.938,1.2564,12388442.99,XRP-USDC
2021-04-27,1.2577,1.47,1.225,1.4257,15695412.93,XRP-USDC
2021-04-28,1.4237,1.4498,1.2825,1.3305,11176348.81,XRP-USDC
2021-04-29,1.3252,1.4211,1.3109,1.3922,5465993.26,XRP-USDC
2021-04-30,1.3941,1.6402,1.3394,1.5704,10809010.51,XRP-USDC
2021-05-01,1.5719,1.627,1.526,1.5607,5574024.59,XRP-USDC
2021-05-02,1.561,1.67,1.518,1.57,5032184.47,XRP-USDC
2021-05-03,1.5779,1.6217,1.49,1.553,5412786.2,XRP-USDC
2021-05-04,1.5584,1.5909,1.342,1.3674,7279124.73,XRP-USDC
2021-05-05,1.3681,1.6066,1.32,1.5417,7902847.59,XRP-USDC
2021-05-06,1.5418,1.7669,1.5418,1.6674,10257954.35,XRP-USDC
2021-05-07,1.669,1.7161,1.5077,1.6245,8307640.23,XRP-USDC
2021-05-08,1.6271,1.6291,1.5351,1.5504,3944565.01,XRP-USDC
2021-05-09,1.5518,1.598,1.4302,1.5121,5454495.41,XRP-USDC
2021-05-10,1.5129,1.6292,1.45,1.5469,6308747.37,XRP-USDC
2021-05-11,1.548,1.5517,1.224,1.4558,11959525.76,XRP-USDC
2021-05-12,1.4589,1.548,1.3926,1.4095,6273239.3,XRP-USDC
2021-05-13,1.407,1.44,1.186,1.3081,13314722.6,XRP-USDC
2021-05-14,1.3058,1.4333,1.2,1.4145,9573904.43,XRP-USDC
2021-05-15,1.4181,1.5872,1.3212,1.5165,7439249.8,XRP-USDC
2021-05-16,1.5227,1.6119,1.4081,1.4836,9112206.43,XRP-USDC
2021-05-17,1.4808,1.5644,1.3249,1.4722,10573097.07,XRP-USDC
2021-05-18,1.4699,1.7053,1.365,1.5486,11193775.91,XRP-USDC
2021-05-19,1.5502,1.6455,0.8501,1.2047,28823737.35,XRP-USDC
2021-05-20,1.2016,1.2886,0.9076,1.2153,19246523.41,XRP-USDC
2021-05-21,1.2202,1.2225,0.99,1.0143,12261878.51,XRP-USDC
2021-05-22,1.0143,1.062,0.8171,0.9119,15281803.0,XRP-USDC
2021-05-23,0.9119,0.9682,0.68,0.7152,14347545.87,XRP-USDC
2021-05-24,0.7155,0.8984,0.65,0.865,12143187.75,XRP-USDC
2021-05-25,0.867,1.07,0.8392,0.9525,12372331.25,XRP-USDC
2021-05-26,0.95,1.07,0.9098,0.9925,8580951.85,XRP-USDC
2021-05-27,0.9889,1.0434,0.9343,1.0135,6963576.39,XRP-USDC
2021-05-28,1.0132,1.0179,0.8457,0.9128,9447413.27,XRP-USDC
2021-05-29,0.907,0.941,0.8123,0.8277,5417890.88,XRP-USDC
2021-05-30,0.8228,0.914,0.7946,0.8817,7474881.83,XRP-USDC
2021-05-31,0.8829,1.0344,0.8775,1.0163,9460558.17,XRP-USDC
2021-06-01,1.0164,1.1012,0.98,1.007,8595667.83,XRP-USDC
2021-06-02,1.0024,1.0497,0.9748,1.0381,3884060.89,XRP-USDC
2021-06-03,1.0415,1.0998,1.0071,1.0273,3677595.81,XRP-USDC
2021-06-04,1.0252,1.0499,0.9069,0.9678,8510144.01,XRP-USDC
2021-06-05,0.9657,1.0038,0.9211,0.9408,5241249.28,XRP-USDC
2021-06-06,0.9406,0.9497,0.8936,0.9394,3737083.74,XRP-USDC
2021-06-07,0.9391,0.9756,0.9282,0.943,3300188.24,XRP-USDC
2021-06-08,0.9422,0.9437,0.7848,0.8117,8820708.62,XRP-USDC
2021-06-09,0.8095,0.8956,0.8013,0.889,6998216.87,XRP-USDC
2021-06-10,0.8938,0.9296,0.8546,0.866,5800005.25,XRP-USDC
2021-06-11,0.8662,0.88,0.8459,0.8588,5143193.35,XRP-USDC
2021-06-12,0.8583,0.8599,0.8062,0.8299,6510517.52,XRP-USDC
2021-06-13,0.8287,0.8421,0.817,0.831,4414605.87,XRP-USDC
2021-06-14,0.831,0.8935,0.8293,0.8915,6784149.01,XRP-USDC
2021-06-15,0.8935,0.93,0.8548,0.8669,7319138.82,XRP-USDC
2021-06-16,0.8647,0.8841,0.8254,0.8335,5369912.57,XRP-USDC
2021-06-17,0.832,0.861,0.8255,0.8503,5046377.41,XRP-USDC
2021-06-18,0.8517,0.8542,0.7911,0.7933,4840461.94,XRP-USDC
2021-06-19,0.7933,0.8056,0.7694,0.7981,7007560.5,XRP-USDC
2021-06-20,0.7974,0.7982,0.6967,0.7301,7601913.32,XRP-USDC
2021-06-21,0.7269,0.7836,0.6526,0.6752,9014781.64,XRP-USDC
2021-06-22,0.6718,0.6802,0.51,0.5715,18184865.89,XRP-USDC
2021-06-23,0.5709,0.665,0.5216,0.6174,12188836.76,XRP-USDC
2021-06-24,0.6175,0.6751,0.6011,0.6653,7152301.74,XRP-USDC
2021-06-25,0.6645,0.6929,0.6193,0.6232,9292713.82,XRP-USDC
2021-06-26,0.6212,0.6324,0.5819,0.6016,8111826.48,XRP-USDC
2021-06-27,0.6011,0.642,0.5883,0.6083,5675124.04,XRP-USDC
2021-06-28,0.6083,0.6549,0.5969,0.6527,7397721.42,XRP-USDC
2021-06-29,0.6538,0.7343,0.6387,0.716,9158807.82,XRP-USDC
2021-06-30,0.7162,0.725,0.6509,0.6521,6670462.92,XRP-USDC
2021-07-01,0.6541,0.7075,0.6477,0.6618,5485085.6,XRP-USDC
2021-07-02,0.6616,0.6687,0.6331,0.6499,5181592.43,XRP-USDC
2021-07-03,0.6513,0.682,0.6395,0.6733,2737184.27,XRP-USDC
2021-07-04,0.6744,0.7008,0.6617,0.6952,2827808.71,XRP-USDC
2021-07-05,0.6955,0.7079,0.6441,0.6551,5051542.62,XRP-USDC
2021-07-06,0.6551,0.68,0.647,0.6622,3456278.3,XRP-USDC
2021-07-07,0.6629,0.674,0.6527,0.6629,4410149.88,XRP-USDC
2021-07-08,0.6614,0.6692,0.6108,0.6295,4019188.01,XRP-USDC
2021-07-09,0.6293,0.645,0.592,0.6379,4461129.09,XRP-USDC
2021-07-10,0.6374,0.65,0.6185,0.6234,3573440.36,XRP-USDC
2021-07-11,0.6232,0.6321,0.6126,0.629,3563020.74,XRP-USDC
2021-07-12,0.6308,0.657,0.6287,0.6319,5567436.3,XRP-USDC
2021-07-13,0.6318,0.643,0.6151,0.6226,5228039.59,XRP-USDC
2021-07-14,0.6226,0.6271,0.5854,0.6183,5834758.3,XRP-USDC
2021-07-15,0.6184,0.6268,0.5952,0.6002,2967518.61,XRP-USDC
2021-07-16,0.5997,0.6195,0.5875,0.603,5041236.59,XRP-USDC
2021-07-17,0.6041,0.6042,0.5599,0.5811,4765649.34,XRP-USDC
2021-07-18,0.581,0.6013,0.5707,0.582,2725319.72,XRP-USDC
2021-07-19,0.5811,0.5922,0.5537,0.5584,5244396.28,XRP-USDC
2021-07-20,0.5577,0.5691,0.5164,0.5332,7966554.11,XRP-USDC
2021-07-21,0.533,0.5697,0.5196,0.569,6976764.2,XRP-USDC
2021-07-22,0.57,0.5919,0.5595,0.5899,5622836.93,XRP-USDC
2021-07-23,0.5903,0.609,0.5842,0.5859,4155274.34,XRP-USDC
2021-07-24,0.5855,0.6146,0.5752,0.606,4125550.2,XRP-USDC
2021-07-25,0.6065,0.6215,0.5909,0.5966,3169923.82,XRP-USDC
2021-07-26,0.5957,0.6771,0.5925,0.6545,6531820.54,XRP-USDC
2021-07-27,0.6548,0.6788,0.6127,0.6434,8502729.52,XRP-USDC
2021-07-28,0.6428,0.7566,0.6244,0.7113,18003102.44,XRP-USDC
2021-07-29,0.7115,0.7402,0.6897,0.7082,9098177.41,XRP-USDC
2021-07-30,0.7071,0.7662,0.7014,0.7215,9417520.12,XRP-USDC
2021-07-31,0.7219,0.7694,0.7182,0.7485,6528828.13,XRP-USDC
2021-08-01,0.7485,0.7779,0.7385,0.757,4320949.78,XRP-USDC
2021-08-02,0.7576,0.7735,0.7055,0.75,7961883.17,XRP-USDC
2021-08-03,0.75,0.7552,0.7014,0.7094,4828495.93,XRP-USDC
2021-08-04,0.7089,0.7302,0.6956,0.7266,6388515.68,XRP-USDC
2021-08-05,0.7272,0.7396,0.701,0.7186,5533019.92,XRP-USDC
2021-08-06,0.7186,0.7433,0.7176,0.7405,4918459.14,XRP-USDC
2021-08-07,0.7427,0.8178,0.7387,0.8048,7305606.5,XRP-USDC
2021-08-08,0.8062,0.841,0.7801,0.7858,8973480.99,XRP-USDC
2021-08-09,0.7867,0.8266,0.7576,0.82,7307582.53,XRP-USDC
2021-08-10,0.8192,0.8578,0.7961,0.8246,9437322.65,XRP-USDC
2021-08-11,0.8242,0.949,0.8102,0.9345,11067066.38,XRP-USDC
2021-08-12,0.9373,1.09,0.9338,0.9485,14747012.82,XRP-USDC
2021-08-13,0.9485,1.0563,0.9231,1.013,9719641.24,XRP-USDC
2021-08-14,1.0124,1.2296,1.0084,1.2118,15694138.33,XRP-USDC
2021-08-15,1.2134,1.35,1.1826,1.2652,16563193.8,XRP-USDC
2021-08-16,1.2681,1.41,1.2085,1.2422,11641508.89,XRP-USDC
2021-08-17,1.2393,1.246,1.1202,1.1654,11756059.06,XRP-USDC
2021-08-18,1.1661,1.1947,1.0501,1.1437,11701751.33,XRP-USDC
2021-08-19,1.1437,1.1964,1.0906,1.1506,10352474.22,XRP-USDC
2021-08-20,1.1507,1.2859,1.1299,1.284,8819167.04,XRP-USDC
2021-08-21,1.2837,1.289,1.2164,1.2402,6069634.09,XRP-USDC
2021-08-22,1.2403,1.2574,1.1795,1.2059,4161196.54,XRP-USDC
2021-08-23,1.2069,1.3123,1.1818,1.2422,9080580.38,XRP-USDC
2021-08-24,1.2424,1.2657,1.1589,1.1796,10401384.74,XRP-USDC
2021-08-25,1.1803,1.1838,1.1082,1.1756,7916997.61,XRP-USDC
2021-08-26,1.1737,1.1865,1.0698,1.0843,5999094.78,XRP-USDC
2021-08-27,1.0834,1.1576,1.0505,1.1439,7769991.05,XRP-USDC
2021-08-28,1.1455,1.1989,1.129,1.1483,6721170.23,XRP-USDC
2021-08-29,1.1504,1.1663,1.1136,1.1327,3565817.0,XRP-USDC
2021-08-30,1.1323,1.165,1.1052,1.1307,4949797.0,XRP-USDC
2021-08-31,1.1307,1.18,1.0913,1.18,7609157.0,XRP-USDC
2021-09-01,1.1804,1.2427,1.1491,1.1933,8001034.11,XRP-USDC
2021-09-02,1.1941,1.2967,1.184,1.2484,6800569.11,XRP-USDC
2021-09-03,1.2498,1.3234,1.2202,1.3013,6440885.31,XRP-USDC
2021-09-04,1.3025,1.3183,1.2607,1.2633,4947386.0,XRP-USDC
2021-09-05,1.2645,1.2999,1.2324,1.2891,3848761.0,XRP-USDC
2021-09-06,1.289,1.397,1.2801,1.3614,7303922.04,XRP-USDC
2021-09-07,1.3629,1.4159,0.9518,1.1336,16806492.4,XRP-USDC
2021-09-08,1.1329,1.18,1.0136,1.0985,12501491.0,XRP-USDC
2021-09-09,1.1008,1.1377,1.0722,1.1163,6278286.0,XRP-USDC
2021-09-10,1.1186,1.2454,1.0326,1.0697,10644159.0,XRP-USDC
2021-09-11,1.0687,1.1127,1.0295,1.0987,4410038.0,XRP-USDC
2021-09-12,1.0988,1.1177,1.0583,1.1094,2814308.0,XRP-USDC
2021-09-13,1.1094,1.1272,1.0252,1.0488,7629583.0,XRP-USDC
2021-09-14,1.0481,1.0884,1.0441,1.0842,4338778.0,XRP-USDC
2021-09-15,1.0855,1.1149,1.0686,1.1149,4054500.0,XRP-USDC
2021-09-16,1.1149,1.13,1.0856,1.1022,4626465.0,XRP-USDC
2021-09-17,1.1017,1.1054,1.0513,1.07,4406161.0,XRP-USDC
2021-09-18,1.0695,1.0949,1.0556,1.0828,2612941.0,XRP-USDC
2021-09-19,1.0828,1.0842,1.053,1.0668,2277540.0,XRP-USDC
2021-09-20,1.0667,1.0779,0.8704,0.9375,10752975.99,XRP-USDC
2021-09-21,0.9337,0.9595,0.8654,0.9349,7689131.9,XRP-USDC
2021-09-22,0.9349,0.9758,0.8572,0.9682,7723805.0,XRP-USDC
2021-09-23,0.9684,1.0164,0.9608,0.9765,7111112.0,XRP-USDC
2021-09-24,0.9797,1.0112,0.8851,0.9223,6308499.0,XRP-USDC
2021-09-25,0.9218,0.9595,0.9171,0.9408,3872082.0,XRP-USDC
2021-09-26,0.9412,0.953,0.8927,0.9477,6065607.0,XRP-USDC
2021-09-27,0.9494,0.9831,0.933,0.9478,5224311.0,XRP-USDC
2021-09-28,0.9478,0.9532,0.9137,0.914,4836251.0,XRP-USDC
2021-09-29,0.9131,0.993,0.8861,0.938,5311215.0,XRP-USDC
2021-09-30,0.9377,0.9642,0.9062,0.945,5161345.0,XRP-USDC
2021-10-01,0.945,1.0699,0.9368,1.0258,7628600.0,XRP-USDC
2021-10-02,1.0251,1.06,1.0085,1.0398,5192159.0,XRP-USDC
2021-10-03,1.0406,1.0926,1.022,1.0612,5076983.0,XRP-USDC
2021-10-04,1.0613,1.0887,1.0066,1.032,5144906.0,XRP-USDC
2021-10-05,1.032,1.0842,1.0277,1.0635,4970832.0,XRP-USDC
2021-10-06,1.064,1.1084,1.0187,1.0939,4286110.0,XRP-USDC
2021-10-07,1.095,1.1002,1.0447,1.0658,4243907.0,XRP-USDC
2021-10-08,1.0673,1.0944,1.059,1.0699,3575991.0,XRP-USDC
2021-10-09,1.0695,1.1679,1.0526,1.1546,5331197.0,XRP-USDC
2021-10-10,1.1537,1.23,1.1349,1.1884,6073706.0,XRP-USDC
2021-10-11,1.1886,1.196,1.1264,1.155,4687876.0,XRP-USDC
2021-10-12,1.1545,1.1551,1.0646,1.1012,5762378.0,XRP-USDC
2021-10-13,1.0999,1.1257,1.0703,1.1067,4573421.0,XRP-USDC
2021-10-14,1.1062,1.1581,1.0977,1.135,4566175.0,XRP-USDC
2021-10-15,1.1354,1.1652,1.0928,1.1268,5452333.0,XRP-USDC
2021-10-16,1.1263,1.1866,1.1221,1.1522,5367730.0,XRP-USDC
2021-10-17,1.1533,1.1647,1.1112,1.1183,3539407.0,XRP-USDC
2021-10-18,1.1168,1.1237,1.0208,1.0894,6487654.0,XRP-USDC
2021-10-19,1.0886,1.1006,1.067,1.081,4116832.0,XRP-USDC
2021-10-20,1.0781,1.1443,1.0762,1.1443,4330090.0,XRP-USDC
2021-10-21,1.1439,1.1673,1.0867,1.1117,7269889.0,XRP-USDC
2021-10-22,1.1101,1.128,1.0748,1.0948,3955403.0,XRP-USDC
2021-10-23,1.0946,1.1024,1.0757,1.0941,2940100.0,XRP-USDC
2021-10-24,1.0968,1.1008,1.072,1.0759,1746282.0,XRP-USDC
2021-10-25,1.076,1.1039,1.0526,1.1024,2861570.0,XRP-USDC
2021-10-26,1.1021,1.13,1.0875,1.1083,3804602.0,XRP-USDC
2021-10-27,1.1083,1.1598,0.9441,1.0199,9395553.0,XRP-USDC
2021-10-28,1.0199,1.0815,0.9819,1.0552,7328566.0,XRP-USDC
2021-10-29,1.0552,1.0869,1.0315,1.0785,4191314.0,XRP-USDC
2021-10-30,1.0793,1.1158,1.0618,1.0814,4129010.0,XRP-USDC
2021-10-31,1.0814,1.1546,1.0621,1.0891,4219895.0,XRP-USDC
2021-11-01,1.0873,1.1328,1.0707,1.0928,2849244.0,XRP-USDC
2021-11-02,1.0923,1.13,1.079,1.1206,2659538.0,XRP-USDC
2021-11-03,1.1212,1.2366,1.1151,1.1706,10159263.0,XRP-USDC
2021-11-04,1.1705,1.2596,1.1595,1.1785,9693943.0,XRP-USDC
2021-11-05,1.1781,1.202,1.1331,1.1504,5108873.0,XRP-USDC
2021-11-06,1.1505,1.1776,1.1002,1.1374,3631652.0,XRP-USDC
2021-11-07,1.137,1.2234,1.1291,1.2159,2902373.0,XRP-USDC
2021-11-08,1.2154,1.2973,1.208,1.26,5699512.0,XRP-USDC
2021-11-09,1.2609,1.2924,1.2248,1.2481,5819553.0,XRP-USDC
2021-11-10,1.2501,1.3368,1.2213,1.3215,9920875.0,XRP-USDC
2021-11-11,1.3214,1.349,1.1192,1.2094,11002182.0,XRP-USDC
2021-11-12,1.2126,1.2335,1.1596,1.1704,5765798.0,XRP-USDC
2021-11-13,1.1704,1.2035,1.1548,1.195,4767891.0,XRP-USDC
2021-11-14,1.1963,1.2054,1.1697,1.1774,2105964.0,XRP-USDC
2021-11-15,1.1789,1.22,1.145,1.1873,3100017.0,XRP-USDC
2021-11-16,1.1872,1.191,1.0433,1.1006,7039943.0,XRP-USDC
2021-11-17,1.1006,1.1131,1.06,1.085,4300015.0,XRP-USDC
2021-11-18,1.0861,1.1627,1.0467,1.0562,5289535.0,XRP-USDC
2021-11-19,1.0569,1.1033,1.0007,1.0899,4783972.0,XRP-USDC
2021-11-20,1.0912,1.1015,1.0611,1.0656,3226729.0,XRP-USDC
2021-11-21,1.065,1.098,1.0629,1.0783,2543028.0,XRP-USDC
2021-11-22,1.0783,1.086,1.0269,1.0559,3044084.0,XRP-USDC
2021-11-23,1.0565,1.0624,1.02,1.0479,3977823.0,XRP-USDC
2021-11-24,1.0479,1.0734,1.0081,1.0288,4046452.0,XRP-USDC
2021-11-25,1.0288,1.0589,1.0145,1.0524,2291196.0,XRP-USDC
2021-11-26,1.0524,1.0652,0.9117,0.9464,7975610.0,XRP-USDC
2021-11-27,0.9484,0.9699,0.935,0.958,4286965.0,XRP-USDC
2021-11-28,0.9574,0.9611,0.8835,0.9263,3684236.0,XRP-USDC
2021-11-29,0.9263,0.9961,0.8854,0.9765,4374190.0,XRP-USDC
2021-11-30,0.9772,1.03,0.9709,1.0069,4557826.0,XRP-USDC
2021-12-01,1.0063,1.0182,0.9855,1.0105,3330701.0,XRP-USDC
2021-12-02,1.0105,1.0179,0.9577,0.9756,3136121.0,XRP-USDC
2021-12-03,0.9748,0.9849,0.9571,0.9617,2017070.0,XRP-USDC
2021-12-04,0.9611,0.9611,0.6,0.7944,19718740.93,XRP-USDC
2021-12-05,0.7934,0.8627,0.7709,0.7895,8448101.0,XRP-USDC
2021-12-06,0.7918,0.8094,0.75,0.7944,7688658.0,XRP-USDC
2021-12-07,0.7949,0.846,0.7878,0.8383,5103620.0,XRP-USDC
2021-12-08,0.8383,0.88,0.7859,0.8688,6200895.0,XRP-USDC
2021-12-09,0.8688,0.9347,0.8332,0.8904,7931477.0,XRP-USDC
2021-12-10,0.8904,0.9043,0.8168,0.8231,10108298.0,XRP-USDC
2021-12-11,0.823,0.8434,0.7852,0.8388,5136123.0,XRP-USDC
2021-12-12,0.8388,0.8444,0.8094,0.8235,3793285.0,XRP-USDC
2021-12-13,0.8235,0.8565,0.7927,0.7967,2926467.0,XRP-USDC
2021-12-14,0.7999,0.818,0.7609,0.7911,4775283.0,XRP-USDC
2021-12-15,0.7932,0.821,0.7775,0.7791,4311684.0,XRP-USDC
2021-12-16,0.7791,0.8402,0.7776,0.8283,6393569.0,XRP-USDC
2021-12-17,0.8283,0.832,0.7766,0.7948,3825306.0,XRP-USDC
2021-12-18,0.795,0.8346,0.788,0.8251,2811101.0,XRP-USDC
2021-12-19,0.8252,0.8438,0.8154,0.8296,1680908.0,XRP-USDC
2021-12-20,0.8297,0.9151,0.8261,0.8361,5148001.0,XRP-USDC
2021-12-21,0.8367,0.9124,0.834,0.8907,6636162.0,XRP-USDC
2021-12-22,0.8907,0.9733,0.8907,0.9525,5754779.0,XRP-USDC
2021-12-23,0.9525,1.0169,0.9379,0.9794,6036880.0,XRP-USDC
2021-12-24,0.9802,1.0163,0.9248,0.9468,5717446.0,XRP-USDC
2021-12-25,0.9471,0.9527,0.8973,0.9243,9622233.0,XRP-USDC
2021-12-26,0.9237,0.9337,0.9055,0.9178,2106655.0,XRP-USDC
2021-12-27,0.918,0.9418,0.9117,0.9345,2986889.0,XRP-USDC
2021-12-28,0.9353,0.9564,0.8674,0.8823,6870998.0,XRP-USDC
2021-12-29,0.8825,0.8831,0.8114,0.8441,4421589.0,XRP-USDC
2021-12-30,0.8441,0.8525,0.8023,0.8379,3533952.0,XRP-USDC
2021-12-31,0.8379,0.8597,0.8282,0.8395,3139259.0,XRP-USDC
2022-01-01,0.8395,0.8518,0.803,0.8426,3587096.0,XRP-USDC
2022-01-02,0.8426,0.8672,0.8377,0.8555,2639810.0,XRP-USDC
2022-01-03,0.856,0.8642,0.8342,0.8375,2256061.0,XRP-USDC
2022-01-04,0.8376,0.8448,0.8201,0.8344,3410353.0,XRP-USDC
2022-01-05,0.8333,0.8364,0.8155,0.8283,4080212.0,XRP-USDC
2022-01-06,0.8281,0.8294,0.71,0.7632,7064280.0,XRP-USDC
2022-01-07,0.7631,0.791,0.7286,0.7478,5028766.0,XRP-USDC
2022-01-08,0.7483,0.7778,0.7433,0.7562,4273505.0,XRP-USDC
2022-01-09,0.7562,0.761,0.7219,0.7434,3110024.0,XRP-USDC
2022-01-10,0.7431,0.767,0.6956,0.7234,3188220.0,XRP-USDC
2022-01-11,0.7233,0.7571,0.7141,0.7417,4424385.0,XRP-USDC
2022-01-12,0.7417,0.8017,0.741,0.792,4833254.0,XRP-USDC
2022-01-13,0.7923,0.808,0.7692,0.776,4680137.0,XRP-USDC
2022-01-14,0.776,0.7912,0.752,0.7727,2602113.0,XRP-USDC
2022-01-15,0.7739,0.7883,0.7647,0.7869,1569598.0,XRP-USDC
2022-01-16,0.7878,0.7897,0.7686,0.7776,2198226.0,XRP-USDC
2022-01-17,0.7783,0.7841,0.7566,0.7593,1666171.0,XRP-USDC
2022-01-18,0.7593,0.7685,0.7353,0.7441,4666363.0,XRP-USDC
2022-01-19,0.7431,0.7602,0.7239,0.7382,2970872.0,XRP-USDC
2022-01-20,0.7386,0.761,0.7351,0.7601,2153468.0,XRP-USDC
2022-01-21,0.7601,0.7624,0.66,0.6814,11969899.0,XRP-USDC
2022-01-22,0.6809,0.6871,0.5474,0.5735,14042058.36,XRP-USDC
2022-01-23,0.5735,0.6275,0.5649,0.6037,5798405.0,XRP-USDC
2022-01-24,0.6045,0.6336,0.5539,0.5823,7543664.0,XRP-USDC
2022-01-25,0.5815,0.6216,0.5685,0.6014,7716592.0,XRP-USDC
2022-01-26,0.6023,0.6415,0.6019,0.6358,3634163.0,XRP-USDC
2022-01-27,0.635,0.6645,0.59,0.6107,6544150.0,XRP-USDC
2022-01-28,0.612,0.6196,0.5897,0.6024,5198779.0,XRP-USDC
2022-01-29,0.6024,0.625,0.5989,0.6147,1993959.0,XRP-USDC
2022-01-30,0.6147,0.6254,0.6101,0.6157,1252836.0,XRP-USDC
2022-01-31,0.6155,0.6166,0.581,0.5974,5565974.0,XRP-USDC
2022-02-01,0.5976,0.6313,0.5961,0.6242,5552618.0,XRP-USDC
2022-02-02,0.6249,0.6314,0.6097,0.6112,1791571.0,XRP-USDC
2022-02-03,0.6103,0.6142,0.5888,0.6038,2473333.0,XRP-USDC
2022-02-04,0.6038,0.6305,0.5962,0.6253,1328051.0,XRP-USDC
2022-02-05,0.6251,0.6886,0.6251,0.6745,3631881.0,XRP-USDC
2022-02-06,0.6744,0.6803,0.6514,0.6672,1364791.0,XRP-USDC
2022-02-07,0.6672,0.7836,0.665,0.7745,7879590.0,XRP-USDC
2022-02-08,0.7746,0.9147,0.7728,0.835,9144783.0,XRP-USDC
2022-02-09,0.8347,0.9075,0.8046,0.8852,6130169.0,XRP-USDC
2022-02-10,0.8852,0.9167,0.8376,0.8644,4782386.0,XRP-USDC
2022-02-11,0.8644,0.8762,0.7931,0.8195,7214005.0,XRP-USDC
2022-02-12,0.8195,0.8217,0.7476,0.803,3465806.0,XRP-USDC
2022-02-13,0.8027,0.8525,0.8027,0.8233,4253072.0,XRP-USDC
2022-02-14,0.8234,0.8234,0.7804,0.8032,2906258.0,XRP-USDC
2022-02-15,0.8015,0.8403,0.7827,0.8267,5493318.0,XRP-USDC
2022-02-16,0.826,0.8597,0.8095,0.8166,4112110.0,XRP-USDC
2022-02-17,0.8166,0.8534,0.7957,0.8011,5499622.0,XRP-USDC
2022-02-18,0.8012,0.8081,0.7545,0.7667,4389094.0,XRP-USDC
2022-02-19,0.7656,0.8377,0.7565,0.8322,4328617.0,XRP-USDC
2022-02-20,0.8319,0.8547,0.773,0.788,4631870.0,XRP-USDC
2022-02-21,0.7852,0.802,0.7579,0.7819,3665379.0,XRP-USDC
2022-02-22,0.782,0.7888,0.67,0.7036,6159487.0,XRP-USDC
2022-02-23,0.7036,0.7443,0.6927,0.7244,2418743.0,XRP-USDC
2022-02-24,0.7232,0.7353,0.6222,0.6523,4647469.0,XRP-USDC
2022-02-25,0.6511,0.7245,0.65,0.7163,3310534.0,XRP-USDC
2022-02-26,0.7163,0.795,0.7025,0.7571,5916029.0,XRP-USDC
2022-02-27,0.7576,0.7678,0.7229,0.7522,3349025.0,XRP-USDC
2022-02-28,0.7516,0.7633,0.7041,0.7615,4176074.0,XRP-USDC
2022-03-01,0.7629,0.804,0.7505,0.78,4126124.0,XRP-USDC
2022-03-02,0.7807,0.7891,0.731,0.7671,3225675.0,XRP-USDC
2022-03-03,0.7648,0.7896,0.7456,0.7496,3233142.0,XRP-USDC
2022-03-04,0.7493,0.7592,0.7241,0.7332,3503066.0,XRP-USDC
2022-03-05,0.732,0.769,0.6966,0.7598,4905703.0,XRP-USDC
2022-03-06,0.7594,0.7665,0.7279,0.7374,3220487.0,XRP-USDC
2022-03-07,0.7362,0.7544,0.7083,0.7463,3610065.0,XRP-USDC
2022-03-08,0.7461,0.7502,0.7044,0.7234,2702524.0,XRP-USDC
2022-03-09,0.7229,0.7689,0.7147,0.767,4285476.0,XRP-USDC
2022-03-10,0.7672,0.779,0.7223,0.7288,3866150.0,XRP-USDC
2022-03-11,0.7283,0.7511,0.7274,0.7311,3158931.0,XRP-USDC
2022-03-12,0.7312,0.8498,0.7254,0.7913,11233770.0,XRP-USDC
2022-03-13,0.791,0.8074,0.7788,0.7849,4518807.0,XRP-USDC
2022-03-14,0.7841,0.7923,0.7456,0.7609,3208953.0,XRP-USDC
2022-03-15,0.761,0.7771,0.7412,0.7642,3732664.0,XRP-USDC
2022-03-16,0.7638,0.789,0.7572,0.7782,5125153.0,XRP-USDC
2022-03-17,0.7778,0.7981,0.7598,0.7948,3491665.0,XRP-USDC
2022-03-18,0.7951,0.8024,0.7766,0.7873,5670826.0,XRP-USDC
2022-03-19,0.7873,0.8236,0.787,0.8179,2932613.0,XRP-USDC
2022-03-20,0.8173,0.8272,0.8013,0.8045,3505503.0,XRP-USDC
2022-03-21,0.8045,0.8197,0.7865,0.8161,2827102.0,XRP-USDC
2022-03-22,0.8158,0.8655,0.8102,0.8374,6045995.0,XRP-USDC
2022-03-23,0.8381,0.8462,0.818,0.84,4845356.0,XRP-USDC
2022-03-24,0.8405,0.8478,0.8263,0.8442,3561572.0,XRP-USDC
2022-03-25,0.8443,0.8502,0.8298,0.8319,2399142.0,XRP-USDC
2022-03-26,0.8319,0.8352,0.8197,0.831,1734675.0,XRP-USDC
2022-03-27,0.832,0.843,0.8279,0.8372,1586182.0,XRP-USDC
2022-03-28,0.8372,0.9039,0.8357,0.8794,4716164.0,XRP-USDC
2022-03-29,0.8794,0.9136,0.8539,0.8592,4445662.0,XRP-USDC
2022-03-30,0.8593,0.8703,0.8438,0.8616,2623177.0,XRP-USDC
2022-03-31,0.8616,0.8731,0.78,0.8217,3716462.0,XRP-USDC
2022-04-01,0.8231,0.8331,0.8005,0.8263,3328914.0,XRP-USDC
2022-04-02,0.8263,0.85,0.8222,0.8318,1716845.0,XRP-USDC
2022-04-03,0.8334,0.8422,0.8153,0.8396,2475712.0,XRP-USDC
2022-04-04,0.8396,0.8518,0.8182,0.8201,2324025.0,XRP-USDC
2022-04-05,0.8204,0.8345,0.8047,0.8223,2120708.0,XRP-USDC
2022-04-06,0.8213,0.8363,0.77,0.7795,2775973.0,XRP-USDC
2022-04-07,0.7797,0.7896,0.7529,0.7776,2842865.0,XRP-USDC
2022-04-08,0.7775,0.7939,0.7601,0.7723,1953178.0,XRP-USDC
2022-04-09,0.7721,0.774,0.7465,0.7536,2097292.0,XRP-USDC
2022-04-10,0.7548,0.768,0.754,0.7595,1541336.0,XRP-USDC
2022-04-11,0.7599,0.773,0.7035,0.7041,3398029.0,XRP-USDC
2022-04-12,0.7041,0.721,0.6801,0.7081,4014069.0,XRP-USDC
2022-04-13,0.7077,0.7323,0.6923,0.7222,3535396.0,XRP-USDC
2022-04-14,0.7218,0.7411,0.7131,0.714,2635531.0,XRP-USDC
2022-04-15,0.7136,0.8019,0.7086,0.7751,7806841.0,XRP-USDC
2022-04-16,0.7749,0.8,0.7665,0.7687,3142049.0,XRP-USDC
2022-04-17,0.7687,0.786,0.7677,0.7796,1519037.0,XRP-USDC
2022-04-18,0.7802,0.781,0.7276,0.7428,3297245.0,XRP-USDC
2022-04-19,0.7436,0.7827,0.7366,0.7734,3065499.0,XRP-USDC
2022-04-20,0.7736,0.7779,0.7509,0.7556,1873080.0,XRP-USDC
2022-04-21,0.7541,0.7664,0.7427,0.7597,1718463.0,XRP-USDC
2022-04-22,0.7584,0.7677,0.7144,0.7177,4633014.0,XRP-USDC
2022-04-23,0.7172,0.7367,0.7064,0.7123,2246678.0,XRP-USDC
2022-04-24,0.7127,0.7165,0.6974,0.7048,1686188.0,XRP-USDC
2022-04-25,0.706,0.7082,0.6456,0.6675,5600028.0,XRP-USDC
2022-04-26,0.668,0.7066,0.6516,0.6534,4782338.0,XRP-USDC
2022-04-27,0.6534,0.6627,0.6276,0.6475,5612017.0,XRP-USDC
2022-04-28,0.647,0.6573,0.6333,0.6388,5247472.0,XRP-USDC
2022-04-29,0.6385,0.6522,0.6132,0.6204,3186304.0,XRP-USDC
2022-04-30,0.6206,0.6284,0.5945,0.6164,3397004.0,XRP-USDC
2022-05-01,0.6164,0.6183,0.5665,0.6045,4343664.0,XRP-USDC
2022-05-02,0.6045,0.6311,0.5936,0.6082,3705804.0,XRP-USDC
2022-05-03,0.6091,0.6276,0.5985,0.6158,3483101.0,XRP-USDC
2022-05-04,0.6158,0.6219,0.5962,0.6136,3001430.0,XRP-USDC
2022-05-05,0.6131,0.6579,0.5921,0.6017,4738710.0,XRP-USDC
2022-05-06,0.6011,0.6164,0.5802,0.5967,4459477.0,XRP-USDC
2022-05-07,0.5967,0.6054,0.5913,0.5943,1808784.0,XRP-USDC
2022-05-08,0.5947,0.5974,0.5642,0.5691,2801703.0,XRP-USDC
2022-05-09,0.5692,0.5784,0.5204,0.5271,4422269.83,XRP-USDC
2022-05-10,0.526,0.5368,0.4712,0.5164,9674953.62,XRP-USDC
2022-05-11,0.5172,0.5257,0.4,0.4442,11866570.74,XRP-USDC
2022-05-12,0.446,0.4473,0.3159,0.3842,34075308.65,XRP-USDC
2022-05-13,0.3825,0.4642,0.3691,0.4331,25312391.0,XRP-USDC
2022-05-14,0.4334,0.442,0.3955,0.4014,10262963.0,XRP-USDC
2022-05-15,0.4008,0.4338,0.3987,0.4255,7006330.0,XRP-USDC
2022-05-16,0.4255,0.449,0.4085,0.4162,9506081.0,XRP-USDC
2022-05-17,0.4156,0.4414,0.4121,0.4261,7447641.0,XRP-USDC
2022-05-18,0.4262,0.4421,0.4034,0.4073,6318550.0,XRP-USDC
2022-05-19,0.4067,0.4234,0.3906,0.4213,12970736.0,XRP-USDC
2022-05-20,0.4212,0.4402,0.4084,0.4099,19001633.0,XRP-USDC
2022-05-21,0.4098,0.416,0.4012,0.4153,8831837.0,XRP-USDC
2022-05-22,0.4146,0.4224,0.4096,0.4163,6391275.0,XRP-USDC
2022-05-23,0.4163,0.428,0.4146,0.4256,7085228.0,XRP-USDC
2022-05-24,0.426,0.44,0.3904,0.4046,14885224.0,XRP-USDC
2022-05-25,0.4047,0.4134,0.3948,0.4019,7508732.0,XRP-USDC
2022-05-26,0.4013,0.4105,0.3753,0.3945,12813546.0,XRP-USDC
2022-05-27,0.3937,0.4028,0.3837,0.3883,11882754.0,XRP-USDC
2022-05-28,0.3878,0.3889,0.3762,0.3867,6926762.0,XRP-USDC
2022-05-29,0.3859,0.3902,0.379,0.3866,6194303.0,XRP-USDC
2022-05-30,0.3863,0.405,0.3846,0.3997,7128574.0,XRP-USDC
2022-05-31,0.3997,0.4337,0.3978,0.4168,8534457.0,XRP-USDC
2022-06-01,0.4165,0.4261,0.4069,0.407,5316020.0,XRP-USDC
2022-06-02,0.4073,0.4075,0.3883,0.3998,10473063.0,XRP-USDC
2022-06-03,0.4001,0.4103,0.3853,0.3873,6654912.0,XRP-USDC
2022-06-04,0.3873,0.3932,0.3836,0.3907,5131711.0,XRP-USDC
2022-06-05,0.3905,0.3967,0.3884,0.395,3748866.0,XRP-USDC
2022-06-06,0.3953,0.4091,0.3937,0.4015,5976797.0,XRP-USDC
2022-06-07,0.4014,0.4039,0.3845,0.3946,10130424.0,XRP-USDC
2022-06-08,0.3947,0.4171,0.3926,0.4024,11556370.0,XRP-USDC
2022-06-09,0.4024,0.4038,0.3962,0.4006,5064666.0,XRP-USDC
2022-06-10,0.4004,0.4115,0.3866,0.3875,7454934.0,XRP-USDC
2022-06-11,0.3868,0.3881,0.3563,0.3598,7988356.0,XRP-USDC
2022-06-12,0.3599,0.3688,0.3393,0.3595,12361240.0,XRP-USDC
2022-06-13,0.3591,0.3625,0.3009,0.3132,25086352.0,XRP-USDC
2022-06-14,0.3135,0.3284,0.2934,0.3216,38397293.63,XRP-USDC
2022-06-15,0.321,0.3246,0.2989,0.3113,17573266.0,XRP-USDC
2022-06-16,0.3113,0.3467,0.2977,0.316,16726940.0,XRP-USDC
2022-06-17,0.3161,0.3396,0.3067,0.3211,18286923.0,XRP-USDC
2022-06-18,0.3204,0.326,0.3005,0.3052,18068313.0,XRP-USDC
2022-06-19,0.305,0.3183,0.2871,0.3175,15920181.2,XRP-USDC
2022-06-20,0.3174,0.3325,0.3131,0.3251,13388962.0,XRP-USDC
2022-06-21,0.3253,0.3368,0.3155,0.3323,10747472.0,XRP-USDC
2022-06-22,0.3324,0.3348,0.318,0.3214,9492305.0,XRP-USDC
2022-06-23,0.3216,0.3303,0.3192,0.3249,5681621.0,XRP-USDC
2022-06-24,0.325,0.3899,0.3237,0.3612,22416104.0,XRP-USDC
2022-06-25,0.361,0.3734,0.3524,0.3545,6883827.0,XRP-USDC
2022-06-26,0.3543,0.3748,0.3541,0.3656,6806615.0,XRP-USDC
2022-06-27,0.3656,0.3682,0.348,0.3529,7833874.0,XRP-USDC
2022-06-28,0.3526,0.3593,0.3404,0.3414,8055484.0,XRP-USDC
2022-06-29,0.341,0.3435,0.32,0.3257,9257400.0,XRP-USDC
2022-06-30,0.3254,0.3337,0.3017,0.3123,11126244.0,XRP-USDC
2022-07-01,0.3125,0.3351,0.3097,0.3112,14444354.0,XRP-USDC
2022-07-02,0.311,0.3191,0.3091,0.3127,9959279.0,XRP-USDC
2022-07-03,0.3127,0.3174,0.3084,0.3121,10154340.0,XRP-USDC
2022-07-04,0.3121,0.3275,0.3121,0.3228,10279385.0,XRP-USDC
2022-07-05,0.3235,0.3305,0.3126,0.3159,7992419.0,XRP-USDC
2022-07-06,0.3159,0.3274,0.3156,0.3225,6114251.0,XRP-USDC
2022-07-07,0.323,0.3359,0.3222,0.3335,5036780.0,XRP-USDC
2022-07-08,0.3335,0.3586,0.3335,0.3421,13110239.0,XRP-USDC
2022-07-09,0.3419,0.3471,0.3357,0.3438,5214446.0,XRP-USDC
2022-07-10,0.3438,0.3475,0.3196,0.3242,5487054.0,XRP-USDC
2022-07-11,0.3243,0.3302,0.317,0.3234,17299098.0,XRP-USDC
2022-07-12,0.3234,0.3261,0.3077,0.3134,7569050.0,XRP-USDC
2022-07-13,0.3134,0.3213,0.302,0.3116,9244321.0,XRP-USDC
2022-07-14,0.3116,0.326,0.3101,0.3207,7630794.0,XRP-USDC
2022-07-15,0.3211,0.3485,0.3189,0.3294,10870858.0,XRP-USDC
2022-07-16,0.3294,0.3445,0.3273,0.3435,7935951.0,XRP-USDC
2022-07-17,0.3435,0.3613,0.3435,0.3485,9313343.0,XRP-USDC
2022-07-18,0.3489,0.3699,0.3421,0.3669,11619734.0,XRP-USDC
2022-07-19,0.3672,0.3694,0.3517,0.3641,6656929.0,XRP-USDC
2022-07-20,0.3643,0.3818,0.3634,0.377,8389990.0,XRP-USDC
2022-07-21,0.377,0.3783,0.3488,0.3532,6829817.0,XRP-USDC
2022-07-22,0.3528,0.3717,0.3528,0.3608,4957779.0,XRP-USDC
2022-07-23,0.3609,0.3631,0.3503,0.3551,3675766.0,XRP-USDC
2022-07-24,0.3547,0.3669,0.3495,0.3663,4851213.0,XRP-USDC
2022-07-25,0.3661,0.3663,0.3416,0.3454,5066566.0,XRP-USDC
2022-07-26,0.3452,0.9,0.3253,0.3265,10575756.0,XRP-USDC
2022-07-27,0.3264,0.3404,0.3264,0.3383,5339045.0,XRP-USDC
2022-07-28,0.3382,0.3678,0.3348,0.3649,11102906.0,XRP-USDC
2022-07-29,0.3651,0.38,0.3631,0.369,10917139.0,XRP-USDC
2022-07-30,0.3687,0.4055,0.3598,0.4012,9763683.0,XRP-USDC
2022-07-31,0.4018,0.4101,0.3823,0.3907,8191968.0,XRP-USDC
2022-08-01,0.3903,0.3989,0.3714,0.3797,9109433.0,XRP-USDC
2022-08-02,0.3796,0.3945,0.3669,0.3731,8615783.0,XRP-USDC
2022-08-03,0.3731,0.379,0.3632,0.3723,8462939.0,XRP-USDC
2022-08-04,0.3723,0.3774,0.365,0.3684,5410322.0,XRP-USDC
2022-08-05,0.3686,0.3786,0.3644,0.3703,6734852.0,XRP-USDC
2022-08-06,0.3702,0.378,0.3675,0.3749,2745899.0,XRP-USDC
2022-08-07,0.3748,0.3759,0.3683,0.3729,3728961.0,XRP-USDC
2022-08-08,0.3729,0.4,0.3713,0.3795,5627164.0,XRP-USDC
2022-08-09,0.3791,0.3834,0.3609,0.3636,5183127.0,XRP-USDC
2022-08-10,0.3634,0.3795,0.3585,0.377,5230744.0,XRP-USDC
2022-08-11,0.3771,0.386,0.3735,0.3789,6229803.0,XRP-USDC
2022-08-12,0.3791,0.3821,0.3702,0.3738,4353786.0,XRP-USDC
2022-08-13,0.3738,0.3877,0.3723,0.3808,5190761.0,XRP-USDC
2022-08-14,0.3809,0.3921,0.3765,0.3828,3966175.0,XRP-USDC
2022-08-15,0.3827,0.385,0.366,0.3727,7489734.0,XRP-USDC
2022-08-16,0.3728,0.3777,0.3664,0.3736,5349382.0,XRP-USDC
2022-08-17,0.373,0.3923,0.3682,0.373,8137921.0,XRP-USDC
2022-08-18,0.373,0.383,0.3721,0.3766,4668414.0,XRP-USDC
2022-08-19,0.3766,0.3796,0.3311,0.3359,12502682.0,XRP-USDC
2022-08-20,0.336,0.3426,0.3316,0.3414,6490251.0,XRP-USDC
2022-08-21,0.3415,0.3472,0.3318,0.3429,6027260.0,XRP-USDC
2022-08-22,0.343,0.3484,0.3314,0.337,5481504.0,XRP-USDC
2022-08-23,0.3376,0.3451,0.3326,0.3426,4706002.0,XRP-USDC
2022-08-24,0.3426,0.3478,0.3389,0.3456,5320611.0,XRP-USDC
2022-08-25,0.3455,0.3526,0.3436,0.3452,3928264.0,XRP-USDC
2022-08-26,0.3454,0.3712,0.3393,0.3405,9301168.0,XRP-USDC
2022-08-27,0.3403,0.3448,0.3282,0.3342,9067284.0,XRP-USDC
2022-08-28,0.3342,0.3368,0.3318,0.3341,2242713.0,XRP-USDC
2022-08-29,0.3345,0.3372,0.3187,0.3282,9100551.0,XRP-USDC
2022-08-30,0.3282,0.3358,0.3217,0.324,4879773.0,XRP-USDC
2022-08-31,0.3237,0.334,0.3201,0.3267,4510397.0,XRP-USDC
2022-09-01,0.3266,0.3312,0.3216,0.323,4158331.0,XRP-USDC
2022-09-02,0.323,0.3354,0.3223,0.3306,5108601.0,XRP-USDC
2022-09-03,0.3306,0.335,0.3254,0.3293,3902103.0,XRP-USDC
2022-09-04,0.3295,0.3327,0.3275,0.3299,2342581.0,XRP-USDC
2022-09-05,0.3299,0.3333,0.3226,0.3284,5668561.0,XRP-USDC
2022-09-06,0.3284,0.3432,0.3277,0.3347,8039623.0,XRP-USDC
2022-09-07,0.3347,0.3347,0.3127,0.3247,8070972.0,XRP-USDC
2022-09-08,0.3246,0.3385,0.3245,0.3331,5813953.0,XRP-USDC
2022-09-09,0.3334,0.3556,0.3302,0.3472,9972556.0,XRP-USDC
2022-09-10,0.3476,0.362,0.3442,0.3559,7410391.0,XRP-USDC
2022-09-11,0.3559,0.3601,0.3521,0.3553,2151630.0,XRP-USDC
2022-09-12,0.3553,0.3604,0.3478,0.3529,6226282.0,XRP-USDC
2022-09-13,0.3527,0.3603,0.3383,0.3395,5912116.0,XRP-USDC
2022-09-14,0.3392,0.3411,0.331,0.3366,4049095.0,XRP-USDC
2022-09-15,0.3365,0.3441,0.325,0.3257,9536540.0,XRP-USDC
2022-09-16,0.3255,0.3347,0.3216,0.3347,7516640.0,XRP-USDC
2022-09-17,0.3346,0.3793,0.3304,0.3707,10763560.0,XRP-USDC
2022-09-18,0.3708,0.3943,0.321,0.3814,16045124.0,XRP-USDC
2022-09-19,0.3814,0.3979,0.3403,0.355,18658925.0,XRP-USDC
2022-09-20,0.3551,0.422,0.3541,0.4196,17095731.0,XRP-USDC
2022-09-21,0.4199,0.4242,0.3903,0.3945,17590106.0,XRP-USDC
2022-09-22,0.3941,1.055,0.3824,0.4342,20809737.0,XRP-USDC
2022-09-23,0.4339,0.5587,0.4296,0.4888,35444320.0,XRP-USDC
2022-09-24,0.4891,0.5285,0.4566,0.478,18330567.0,XRP-USDC
2022-09-25,0.4784,0.5209,0.4757,0.5051,18995629.0,XRP-USDC
2022-09-26,0.5046,0.5086,0.458,0.4744,15693824.0,XRP-USDC
2022-09-27,0.4734,0.4876,0.4646,0.4671,6501044.0,XRP-USDC
2022-09-28,0.4682,0.4694,0.4161,0.4362,4678649.0,XRP-USDC
2022-09-29,0.4367,0.4553,0.428,0.4409,1267593.0,XRP-USDC
