open_time,open,high,low,close,volume,close_time,quote_asset_volume,number_of_trades,taker_buy_base_asset_volume,taker_buy_quote_asset_volume,ignore,name
1609459200000,0.00812,0.01108,0.008039,0.008647,134874386.0,1609545599999,1281111.899229,8430,73452347.0,698421.016644,0,TCTUSDT
1609545600000,0.00847,0.0093099999999999,0.008037,0.00817,36241751.0,1609631999999,307080.645015,2694,15417618.0,131321.576371,0,TCTUSDT
1609632000000,0.008164,0.008819,0.007969,0.0085519999999999,20382892.0,1609718399999,170054.040295,1656,8796115.0,73453.30668,0,TCTUSDT
1609718400000,0.008602,0.0095,0.007642,0.009,40210241.0,1609804799999,353616.593607,3496,18841816.0,166680.551449,0,TCTUSDT
1609804800000,0.009,0.00945,0.0082,0.008588,28048247.0,1609891199999,244839.031573,2501,12196124.0,107109.437241,0,TCTUSDT
1609891200000,0.00863,0.0093,0.008533,0.009184,34278303.0,1609977599999,308502.03341,3216,17201322.0,155273.727249,0,TCTUSDT
1609977600000,0.009234,0.01,0.00879,0.009465,40496327.0,1610063999999,384185.87926,4021,19684968.0,187194.812364,0,TCTUSDT
1610064000000,0.0094819999999999,0.0095599999999999,0.008417,0.009204,34425927.0,1610150399999,307839.444107,3668,16742800.0,150099.643453,0,TCTUSDT
1610150400000,0.009235,0.010576,0.0088,0.010105,58068134.0,1610236799999,560586.08077,4991,29724332.0,287433.94440700003,0,TCTUSDT
1610236800000,0.010059,0.0106909999999999,0.0084319999999999,0.009104,67632357.0,1610323199999,655293.44929,6089,27862566.0,272712.678534,0,TCTUSDT
1610323200000,0.009253,0.009319,0.007851,0.008799,37601133.0,1610409599999,320769.016748,2767,14984350.0,129224.552133,0,TCTUSDT
1610409600000,0.008799,0.0105,0.008101,0.00861,79159821.0,1610495999999,713480.3240029999,5273,37143728.0,333987.787405,0,TCTUSDT
1610496000000,0.00861,0.0102,0.008354,0.009489,46241444.0,1610582399999,432418.677817,3832,23670011.0,221086.612534,0,TCTUSDT
1610582400000,0.009489,0.009766,0.008952,0.009427,25090170.0,1610668799999,233962.472705,2621,11695114.0,109383.29173,0,TCTUSDT
1610668800000,0.009409,0.01,0.009022,0.009842,30780575.0,1610755199999,294490.483119,2886,13679475.0,131472.923859,0,TCTUSDT
1610755200000,0.009842,0.010355,0.00951,0.009794,39437730.0,1610841599999,392746.171092,3726,19504172.0,194795.359572,0,TCTUSDT
1610841600000,0.009795,0.0103,0.009222,0.009544,29366751.0,1610927999999,282890.6989,2849,12894300.0,125028.359187,0,TCTUSDT
1610928000000,0.009547,0.0111,0.0093569999999999,0.010039,57299316.0,1611014399999,580248.225596,4946,30257719.0,308497.859791,0,TCTUSDT
1611014400000,0.0100349999999999,0.010449,0.009761,0.009876,38007085.0,1611100799999,384296.076209,3178,17393482.0,175540.76283,0,TCTUSDT
1611100800000,0.009876,0.010188,0.00911,0.010188,30155215.0,1611187199999,288400.413158,2927,15938308.0,151856.905156,0,TCTUSDT
1611187200000,0.010137,0.012756,0.0093,0.0093,236464755.0,1611273599999,2651411.426028,11939,124497005.0,1408451.739334,0,TCTUSDT
1611273600000,0.009278,0.011197,0.0085,0.010068,149730096.0,1611359999999,1536390.161777,6820,88803999.0,911841.375762,0,TCTUSDT
1611360000000,0.010022,0.011,0.009501,0.010204,31901943.0,1611446399999,320561.633054,3469,16866272.0,170259.220267,0,TCTUSDT
1611446400000,0.0102,0.0115,0.010032,0.010708,87482616.0,1611532799999,939426.016313,5507,41077698.0,442567.807025,0,TCTUSDT
1611532800000,0.010707,0.0120019999999999,0.01035,0.010506,185688524.0,1611619199999,2079846.600963,9303,96194283.0,1078653.137393,0,TCTUSDT
1611619200000,0.010508,0.010688,0.009588,0.010226,30969994.0,1611705599999,308794.214622,2802,16171502.0,161383.895883,0,TCTUSDT
1611705600000,0.010226,0.010226,0.00881,0.009014,32910067.0,1611791999999,312625.306292,2517,11649904.0,110661.742588,0,TCTUSDT
1611792000000,0.009047,0.010997,0.008973,0.010627,39544915.0,1611878399999,403911.597749,4135,22075906.0,226269.768421,0,TCTUSDT
1611878400000,0.010626,0.0125,0.010001,0.010957,106663463.0,1611964799999,1164964.668854,9899,50871073.0,556861.074708,0,TCTUSDT
1611964800000,0.010957,0.0139999999999999,0.010651,0.011984,140883106.0,1612051199999,1698083.978998,13032,66804264.0,809274.5138399999,0,TCTUSDT
1612051200000,0.0119,0.01395,0.011261,0.012889,98520396.0,1612137599999,1235351.157593,9203,50961900.0,643121.3433569999,0,TCTUSDT
1612137600000,0.01289,0.013065,0.01205,0.0127409999999999,58000753.0,1612223999999,721830.0961020001,6836,26989997.0,336522.480975,0,TCTUSDT
1612224000000,0.0127459999999999,0.014976,0.012458,0.014094,76144916.0,1612310399999,1045440.53574,8657,36194207.0,498142.625716,0,TCTUSDT
1612310400000,0.014021,0.016891,0.013656,0.015131,148651446.0,1612396799999,2291663.472077,16402,83002588.0,1281830.631367,0,TCTUSDT
1612396800000,0.01505,0.0161,0.013972,0.014787,69211909.0,1612483199999,1036001.050852,7548,33281028.0,496507.742848,0,TCTUSDT
1612483200000,0.014781,0.0163,0.014573,0.015833,50431810.0,1612569599999,783310.103979,8263,22174413.0,343612.073848,0,TCTUSDT
1612569600000,0.01581,0.015958,0.0141229999999999,0.014336,45359650.0,1612655999999,669453.965757,6307,20674955.0,304847.794399,0,TCTUSDT
1612656000000,0.014294,0.0144219999999999,0.012897,0.013885,30931013.0,1612742399999,425546.538712,4324,14760921.0,202616.892612,0,TCTUSDT
1612742400000,0.0138389999999999,0.0154849999999999,0.013361,0.015,45227565.0,1612828799999,648920.739608,6101,21324241.0,307462.725736,0,TCTUSDT
1612828800000,0.014972,0.01977,0.014777,0.017435,165522250.0,1612915199999,2798685.569101,16370,81258994.0,1380089.046289,0,TCTUSDT
1612915200000,0.0175169999999999,0.0180889999999999,0.0148,0.016961,134558529.0,1613001599999,2246003.739487,14003,59648020.0,998143.741533,0,TCTUSDT
1613001600000,0.016959,0.024038,0.016644,0.020714,235914984.0,1613087999999,4851859.080022,28569,108400432.0,2241582.679737,0,TCTUSDT
1613088000000,0.020703,0.022,0.019433,0.021728,77106406.0,1613174399999,1603073.232934,12642,33370445.0,696620.651831,0,TCTUSDT
1613174400000,0.021726,0.0239,0.021,0.023542,77549344.0,1613260799999,1761507.911939,12697,38386891.0,874346.6662,0,TCTUSDT
1613260800000,0.023542,0.0245,0.020697,0.0218569999999999,68450819.0,1613347199999,1554451.932368,10746,28337049.0,642462.920615,0,TCTUSDT
1613347200000,0.0218569999999999,0.023385,0.019,0.0209,65336460.0,1613433599999,1414433.925405,10795,29096475.0,627511.0606689999,0,TCTUSDT
1613433600000,0.020745,0.03162,0.020156,0.0267089999999999,422189010.0,1613519999999,11371338.868838,65171,202143226.0,5457045.396419,0,TCTUSDT
1613520000000,0.0267,0.027199,0.02325,0.023638,73429901.0,1613606399999,1828498.12786,14639,33325546.0,833868.4843560001,0,TCTUSDT
1613606400000,0.023638,0.0279,0.0236,0.02497,95082171.0,1613692799999,2449195.124792,17549,44357600.0,1143948.39961,0,TCTUSDT
1613692800000,0.0249689999999999,0.0278,0.0248,0.026768,70612469.0,1613779199999,1887571.022144,14231,35337533.0,944832.198122,0,TCTUSDT
1613779200000,0.026779,0.03,0.02511,0.026436,72687585.0,1613865599999,1990560.486071,14011,35598421.0,975752.234481,0,TCTUSDT
1613865600000,0.026514,0.0284399999999999,0.025,0.0265019999999999,44644368.0,1613951999999,1211346.754721,8725,18990302.0,517300.719625,0,TCTUSDT
1613952000000,0.0265,0.026808,0.019812,0.024248,61236347.0,1614038399999,1462369.203489,9236,23515076.0,559834.736675,0,TCTUSDT
1614038400000,0.024247,0.024405,0.0151,0.018409,62015645.0,1614124799999,1193374.948243,7175,26646556.0,511344.199757,0,TCTUSDT
1614124800000,0.018598,0.02225,0.0177,0.020653,41503295.0,1614211199999,848096.94864,6606,24433696.0,502666.024115,0,TCTUSDT
1614211200000,0.020736,0.02225,0.019,0.019,32062795.0,1614297599999,655674.671828,5548,16031693.0,328195.804415,0,TCTUSDT
1614297600000,0.0189009999999999,0.019699,0.017023,0.018691,33939553.0,1614383999999,629533.610121,4097,17804336.0,329528.973658,0,TCTUSDT
1614384000000,0.0186889999999999,0.020646,0.018524,0.019207,16403243.0,1614470399999,321012.820167,3429,8484135.0,166401.934277,0,TCTUSDT
1614470400000,0.019097,0.01929,0.016383,0.01773,12446035.0,1614556799999,218132.029887,2205,5696677.0,99635.2756,0,TCTUSDT
1614556800000,0.0177289999999999,0.019983,0.017644,0.019359,19869335.0,1614643199999,376659.691372,3465,8759111.0,166515.104047,0,TCTUSDT
1614643200000,0.019532,0.019699,0.018003,0.018565,25328431.0,1614729599999,473961.21300200006,3755,9504119.0,178100.25225999998,0,TCTUSDT
1614729600000,0.0185639999999999,0.021033,0.01789,0.020644,47596966.0,1614815999999,949821.792098,6834,20673724.0,412249.643141,0,TCTUSDT
1614816000000,0.0206419999999999,0.022434,0.019851,0.021011,62078262.0,1614902399999,1338449.346693,9105,24416057.0,528150.333663,0,TCTUSDT
1614902400000,0.0211,0.02486,0.019055,0.02414,68748000.0,1614988799999,1511375.597593,10219,34627378.0,764132.1819689999,0,TCTUSDT
1614988800000,0.024055,0.035236,0.022569,0.02511,728086012.0,1615075199999,20924852.271552,95354,370528026.0,10691687.384067,0,TCTUSDT
1615075200000,0.02512,0.0268,0.02369,0.02452,203227100.0,1615161599999,5096192.957688,29804,97722573.0,2454035.05172,0,TCTUSDT
1615161600000,0.02455,0.02514,0.0231,0.024024,70268066.0,1615247999999,1683769.722614,12800,34031393.0,817745.496581,0,TCTUSDT
1615248000000,0.024249,0.0277,0.023906,0.026779,132638003.0,1615334399999,3454853.992108,22509,67798170.0,1765580.29994,0,TCTUSDT
1615334400000,0.0267779999999999,0.031,0.024848,0.0290589999999999,134582639.0,1615420799999,3789377.66269,28666,67982759.0,1921900.276571,0,TCTUSDT
1615420800000,0.0290579999999999,0.036411,0.026985,0.033861,250631241.0,1615507199999,8032812.482518,46519,126128798.0,4042227.223946,0,TCTUSDT
1615507200000,0.0339,0.0354509999999999,0.0291,0.032213,160125412.0,1615593599999,5130904.123462,28643,76336087.0,2452451.0000830004,0,TCTUSDT
1615593600000,0.0323769999999999,0.036399,0.0302519999999999,0.0345209999999999,132017976.0,1615679999999,4433816.221716001,34155,66432750.0,2235735.8937560003,0,TCTUSDT
1615680000000,0.034517,0.035,0.030969,0.0310209999999999,74400474.0,1615766399999,2441050.555604,20007,35163666.0,1151842.561733,0,TCTUSDT
1615766400000,0.03102,0.036868,0.0297519999999999,0.035074,109908351.0,1615852799999,3667872.850456,27765,57923874.0,1936166.034819,0,TCTUSDT
1615852800000,0.035028,0.039888,0.033204,0.037101,180097733.0,1615939199999,6714692.923397,33075,99899749.0,3758180.121869,0,TCTUSDT
1615939200000,0.037101,0.0374,0.0338899999999999,0.035433,51487604.0,1616025599999,1822539.966695,15129,26370210.0,935997.623196,0,TCTUSDT
1616025600000,0.035434,0.0379,0.03491,0.03525,34556631.0,1616111999999,1253213.249881,11491,17216860.0,625193.091092,0,TCTUSDT
1616112000000,0.03511,0.036757,0.03386,0.036184,42210188.0,1616198399999,1502588.907629,10618,20044623.0,715194.025762,0,TCTUSDT
1616198400000,0.036184,0.04,0.035701,0.038273,66926689.0,1616284799999,2576845.173793,18793,33232357.0,1281583.326622,0,TCTUSDT
1616284800000,0.038511,0.048,0.036801,0.043181,142744900.0,1616371199999,5918613.68789,29077,75016464.0,3122955.451053,0,TCTUSDT
1616371200000,0.043286,0.054307,0.0401,0.046475,576879806.0,1616457599999,28404895.193565004,108097,291619618.0,14336108.698198002,0,TCTUSDT
1616457600000,0.046286,0.0514,0.0409999999999999,0.045451,232654707.0,1616543999999,10915161.50135,51747,120477929.0,5669585.7825,0,TCTUSDT
1616544000000,0.045224,0.0628,0.04451,0.0518039999999999,485688941.0,1616630399999,27080176.080274,120447,245815629.0,13692602.209821,0,TCTUSDT
1616630400000,0.051532,0.058746,0.047499,0.047757,320566395.0,1616716799999,16911631.947682,88505,161963425.0,8574522.458367,0,TCTUSDT
1616716800000,0.0478839999999999,0.05266,0.0474399999999999,0.0496029999999999,196140088.0,1616803199999,9722859.79789,50026,101990495.0,5064538.564888,0,TCTUSDT
1616803200000,0.04954,0.0575669999999999,0.048074,0.054707,366145430.0,1616889599999,19505556.889953,67932,192074667.0,10256132.339498,0,TCTUSDT
1616889600000,0.054699,0.055644,0.0505,0.0518299999999999,97841551.0,1616975999999,5170015.908493,36017,47925945.0,2532448.472565,0,TCTUSDT
1616976000000,0.051826,0.0577179999999999,0.050727,0.05624,132131600.0,1617062399999,7263952.897673,46688,66712830.0,3670475.184026,0,TCTUSDT
1617062400000,0.056241,0.0595,0.05377,0.05632,106617404.0,1617148799999,6037960.571054,40381,52131195.0,2956113.241924,0,TCTUSDT
1617148800000,0.056336,0.058345,0.052171,0.0545059999999999,86745682.0,1617235199999,4770793.829135,32369,38825752.0,2141571.486509,0,TCTUSDT
1617235200000,0.054348,0.0570049999999999,0.053924,0.0545379999999999,76788008.0,1617321599999,4272048.059862,27689,36342585.0,2022323.886174,0,TCTUSDT
1617321600000,0.054676,0.054676,0.0507209999999999,0.051025,92786003.0,1617407999999,4832867.8876290005,26611,43300733.0,2255985.122891,0,TCTUSDT
1617408000000,0.050849,0.051399,0.045478,0.046356,123291204.0,1617494399999,6051337.669319999,28449,59691686.0,2936829.732375,0,TCTUSDT
1617494400000,0.046349,0.0568899999999999,0.0445,0.052497,231705785.0,1617580799999,11836766.779312,49964,115725927.0,5919189.612139,0,TCTUSDT
1617580800000,0.052489,0.0768,0.0494519999999999,0.070972,741460856.0,1617667199999,48726638.587266,142899,394161320.0,25875477.534802,0,TCTUSDT
1617667200000,0.070971,0.091588,0.0620909999999999,0.0626429999999999,1204290386.0,1617753599999,93729215.974131,264516,602697062.0,47003574.645949,0,TCTUSDT
1617753600000,0.062639,0.06895,0.056047,0.061008,376318024.0,1617839999999,23109911.865032,66618,188872112.0,11606132.711937,0,TCTUSDT
1617840000000,0.061011,0.081699,0.0605309999999999,0.072346,374491458.0,1617926399999,26752970.662791,76759,191980464.0,13724490.674693,0,TCTUSDT
1617926400000,0.072344,0.088527,0.071838,0.0742159999999999,738364301.0,1618012799999,59694972.340649,185776,368121251.0,29840011.807766,0,TCTUSDT
1618012800000,0.074197,0.084857,0.067432,0.06969,370827669.0,1618099199999,28070476.100293,84892,187926916.0,14264970.461379,0,TCTUSDT
1618099200000,0.069686,0.072099,0.065513,0.06725,184190249.0,1618185599999,12546412.111975,45355,91865717.0,6264009.4943510005,0,TCTUSDT
1618185600000,0.06725,0.070643,0.0627669999999999,0.065301,147783914.0,1618271999999,9777679.861322,34117,71276490.0,4725230.559882,0,TCTUSDT
1618272000000,0.0652799999999999,0.069,0.06,0.0642549999999999,143402446.0,1618358399999,9176868.656506,38938,71336466.0,4568276.504287,0,TCTUSDT
1618358400000,0.0642539999999999,0.067313,0.059733,0.063932,119904749.0,1618444799999,7608598.533856,32518,63022129.0,4002552.174588,0,TCTUSDT
1618444800000,0.063956,0.067,0.061903,0.063943,108042935.0,1618531199999,6962194.295253,23186,52986142.0,3418045.129772,0,TCTUSDT
1618531200000,0.063903,0.065,0.0568549999999999,0.0612679999999999,122326246.0,1618617599999,7468892.319428,25993,61898540.0,3783002.501222,0,TCTUSDT
1618617600000,0.0612679999999999,0.0685,0.060319,0.061362,140391205.0,1618703999999,9042947.985016,31165,70586844.0,4558473.363473,0,TCTUSDT
1618704000000,0.061528,0.061683,0.049917,0.053292,88585103.0,1618790399999,4789826.603848,20201,43914540.0,2369166.998735,0,TCTUSDT
1618790400000,0.05329,0.0559529999999999,0.046666,0.046676,106023768.0,1618876799999,5417634.630747,23265,52749729.0,2695859.0426580003,0,TCTUSDT
1618876800000,0.046676,0.047465,0.041123,0.045808,127175729.0,1618963199999,5640617.424313,22736,63238364.0,2809088.354175,0,TCTUSDT
1618963200000,0.04581,0.048429,0.0424509999999999,0.043914,93662722.0,1619049599999,4270605.526932,17244,46620812.0,2128337.507407,0,TCTUSDT
1619049600000,0.043868,0.046231,0.037239,0.037347,77392756.0,1619135999999,3280292.504518,11990,36339351.0,1535461.022105,0,TCTUSDT
1619136000000,0.037239,0.0399399999999999,0.029261,0.03733,137057615.0,1619222399999,4697391.6170580005,17513,69754019.0,2387979.558681,0,TCTUSDT
1619222400000,0.037374,0.037882,0.03365,0.034199,61721037.0,1619308799999,2185553.396056,8264,31081303.0,1100153.352113,0,TCTUSDT
1619308800000,0.034199,0.037288,0.030695,0.0332649999999999,92523226.0,1619395199999,3196451.018976,13219,47657601.0,1644948.776117,0,TCTUSDT
1619395200000,0.033332,0.04166,0.033192,0.040492,96249177.0,1619481599999,3754465.988886,20133,48973830.0,1907839.266269,0,TCTUSDT
1619481600000,0.040426,0.049173,0.039463,0.048307,89523828.0,1619567999999,4071793.869644,30627,44189675.0,2011925.445182,0,TCTUSDT
1619568000000,0.048228,0.049267,0.04225,0.045209,62068643.0,1619654399999,2816855.728448,23023,29620849.0,1343196.394431,0,TCTUSDT
1619654400000,0.045223,0.049,0.043325,0.0476529999999999,75919731.0,1619740799999,3507550.169792,21294,42659000.0,1981526.939746,0,TCTUSDT
1619740800000,0.0476529999999999,0.0579999999999999,0.046644,0.053263,287229688.0,1619827199999,15307977.385860998,83547,140787362.0,7512328.135009,0,TCTUSDT
1619827200000,0.053151,0.058999,0.052808,0.057608,173192437.0,1619913599999,9592085.75184,53332,93040080.0,5145781.273509,0,TCTUSDT
1619913600000,0.057575,0.068,0.053059,0.065919,261470036.0,1619999999999,16127835.31861,80921,135823418.0,8375339.787982001,0,TCTUSDT
1620000000000,0.065869,0.0723,0.063539,0.068635,299132492.0,1620086399999,20410068.340829,79693,170401962.0,11641990.450264,0,TCTUSDT
1620086400000,0.068596,0.080884,0.061501,0.0619,492054246.0,1620172799999,34950766.244156,126032,266098933.0,18936133.29161,0,TCTUSDT
1620172800000,0.061894,0.077,0.060633,0.0733019999999999,296765529.0,1620259199999,20571167.566872,73567,181329757.0,12563661.8336,0,TCTUSDT
1620259200000,0.073301,0.0819999999999999,0.069733,0.073333,260784212.0,1620345599999,19694601.609929,73602,150327601.0,11392924.178753,0,TCTUSDT
1620345600000,0.073461,0.0753809999999999,0.066962,0.068869,92124697.0,1620431999999,6577085.492448,34705,48148174.0,3446086.527531,0,TCTUSDT
1620432000000,0.068869,0.108265,0.067111,0.096006,1095962958.0,1620518399999,98881485.44633,250812,544652721.0,48982215.288878,0,TCTUSDT
1620518400000,0.096195,0.1179,0.086859,0.0873,2128577711.0,1620604799999,211606697.10467905,558686,1052020727.0,104650973.661368,0,TCTUSDT
1620604800000,0.087449,0.093073,0.069065,0.072767,459128052.0,1620691199999,38819383.621485,161612,230197007.0,19595342.329747,0,TCTUSDT
1620691200000,0.072621,0.086,0.06717,0.076997,346068209.0,1620777599999,26073505.837438,116139,169341427.0,12762305.809925,0,TCTUSDT
1620777600000,0.076839,0.077796,0.0562,0.0570669999999999,180092171.0,1620863999999,12541975.330937,63247,87655892.0,6137312.334804,0,TCTUSDT
1620864000000,0.057144,0.064283,0.054362,0.059251,150118078.0,1620950399999,8910051.586763,38422,74326860.0,4410141.012407,0,TCTUSDT
1620950400000,0.059251,0.064063,0.057313,0.059537,102938112.0,1621036799999,6270920.606323999,29825,50646203.0,3090092.9266580003,0,TCTUSDT
1621036800000,0.0595679999999999,0.060194,0.054724,0.0552799999999999,78256360.0,1621123199999,4505356.92143,24057,34488739.0,1990648.690857,0,TCTUSDT
1621123200000,0.0552789999999999,0.060976,0.049246,0.052936,109330391.0,1621209599999,6067300.246909,26428,49649084.0,2757363.882366,0,TCTUSDT
1621209600000,0.053008,0.053721,0.045437,0.048255,74387686.0,1621295999999,3637977.557558,18931,36764133.0,1803730.668945,0,TCTUSDT
1621296000000,0.047967,0.052737,0.04651,0.0482649999999999,68032557.0,1621382399999,3365169.8239720003,16082,32508560.0,1611304.169549,0,TCTUSDT
1621382400000,0.0482649999999999,0.048806,0.024288,0.032014,136908823.0,1621468799999,5139238.72118,23297,65458499.0,2467726.293392,0,TCTUSDT
1621468800000,0.031827,0.039188,0.0286519999999999,0.036937,112327959.0,1621555199999,3928997.011658,19326,54643943.0,1911150.340567,0,TCTUSDT
1621555200000,0.036924,0.038126,0.024832,0.0287459999999999,102675128.0,1621641599999,3178293.0116540003,14974,51124333.0,1582119.496067,0,TCTUSDT
1621641600000,0.0287459999999999,0.0309389999999999,0.025,0.026591,76460475.0,1621727999999,2091791.711452,11278,38734224.0,1062574.371654,0,TCTUSDT
1621728000000,0.0266,0.027598,0.017601,0.021675,91610321.0,1621814399999,1935620.818536,13026,45056116.0,952025.278609,0,TCTUSDT
1621814400000,0.021623,0.0364,0.020702,0.028836,264263573.0,1621900799999,7796947.442169,34549,135552409.0,4049917.531745,0,TCTUSDT
1621900800000,0.029067,0.03206,0.026503,0.030281,131186809.0,1621987199999,3812998.970386,21292,64307977.0,1869331.244651,0,TCTUSDT
1621987200000,0.0302779999999999,0.037217,0.03016,0.035595,115928084.0,1622073599999,3799982.098566,19793,58384499.0,1914676.549322,0,TCTUSDT
1622073600000,0.0356029999999999,0.03645,0.031173,0.033936,82606011.0,1622159999999,2851487.008984,15310,39012737.0,1348832.363965,0,TCTUSDT
1622160000000,0.033793,0.035748,0.0271,0.028598,122101134.0,1622246399999,3732931.953665,16235,64034049.0,1951427.213206,0,TCTUSDT
1622246400000,0.0284399999999999,0.030547,0.024588,0.026481,52682604.0,1622332799999,1453904.908054,7976,26777842.0,740593.384293,0,TCTUSDT
1622332800000,0.026267,0.032,0.024662,0.0281079999999999,52052217.0,1622419199999,1463373.692193,9091,24998112.0,704615.588669,0,TCTUSDT
1622419200000,0.0280519999999999,0.032,0.026031,0.0296959999999999,49115087.0,1622505599999,1424441.5559959998,9077,25042362.0,728919.951223,0,TCTUSDT
1622505600000,0.0296959999999999,0.030347,0.027001,0.027926,43777085.0,1622591999999,1242324.439216,8396,21198854.0,601022.894347,0,TCTUSDT
1622592000000,0.027904,0.029976,0.027216,0.028867,35128852.0,1622678399999,1013982.519755,6989,19229913.0,554671.692723,0,TCTUSDT
1622678400000,0.028865,0.033198,0.028609,0.033093,61246340.0,1622764799999,1917092.442154,12725,28860426.0,902170.355821,0,TCTUSDT
1622764800000,0.033089,0.0331,0.0272029999999999,0.028281,74771909.0,1622851199999,2223776.367027,11539,33094930.0,976212.650824,0,TCTUSDT
1622851200000,0.028345,0.032665,0.0274589999999999,0.0295829999999999,98963263.0,1622937599999,2949525.04412,16725,48283323.0,1438845.049628,0,TCTUSDT
1622937600000,0.029605,0.038757,0.029016,0.032492,308933408.0,1623023999999,10294909.137091,42211,160967633.0,5397705.970698,0,TCTUSDT
1623024000000,0.032546,0.0333139999999999,0.027049,0.0274699999999999,91558601.0,1623110399999,2792876.070586,14212,41068397.0,1254344.683455,0,TCTUSDT
1623110400000,0.0274699999999999,0.033,0.023671,0.0289999999999999,211722605.0,1623196799999,6077957.49496,24307,102980860.0,2962203.225767,0,TCTUSDT
1623196800000,0.029073,0.0432,0.02804,0.0356449999999999,677184349.0,1623283199999,23746896.098556,81089,334932566.0,11756253.248922,0,TCTUSDT
1623283200000,0.035502,0.04315,0.033587,0.037154,489502014.0,1623369599999,18734984.417524,66148,245138830.0,9405547.018995,0,TCTUSDT
1623369600000,0.037248,0.038348,0.030815,0.0312149999999999,206000855.0,1623455999999,7052168.136385,27592,99145570.0,3399844.143451,0,TCTUSDT
1623456000000,0.031192,0.0320709999999999,0.028506,0.03053,106149830.0,1623542399999,3209795.972135,15047,53286148.0,1614729.870621,0,TCTUSDT
1623542400000,0.030529,0.034,0.028722,0.032725,112351572.0,1623628799999,3502793.8024660004,16910,56655738.0,1770375.0418919998,0,TCTUSDT
1623628800000,0.032725,0.0342089999999999,0.0317649999999999,0.0326399999999999,79368437.0,1623715199999,2621828.245552,13424,39455023.0,1305037.505911,0,TCTUSDT
1623715200000,0.032693,0.0359839999999999,0.032114,0.034037,98004532.0,1623801599999,3363027.926348,21038,49952979.0,1713794.7652200002,0,TCTUSDT
1623801600000,0.034035,0.034035,0.030668,0.03116,71383529.0,1623887999999,2294345.208965,12756,34345984.0,1103219.246206,0,TCTUSDT
1623888000000,0.0312149999999999,0.032666,0.03016,0.030819,42038571.0,1623974399999,1326128.7211,9810,20320600.0,641829.991115,0,TCTUSDT
1623974400000,0.030835,0.030936,0.027424,0.0286009999999999,103636095.0,1624060799999,2982724.286081,11356,50294150.0,1451259.721503,0,TCTUSDT
1624060800000,0.028664,0.030425,0.0279999999999999,0.028679,47294193.0,1624147199999,1383546.15505,8096,23331677.0,683698.329594,0,TCTUSDT
1624147200000,0.0287709999999999,0.029716,0.025761,0.0283649999999999,70913130.0,1624233599999,1972937.311322,8218,33608190.0,932088.497529,0,TCTUSDT
1624233600000,0.028462,0.028564,0.022007,0.022198,88273547.0,1624319999999,2202708.578119,12654,43671814.0,1088188.099041,0,TCTUSDT
1624320000000,0.022155,0.0233139999999999,0.017193,0.0208919999999999,207370960.0,1624406399999,4309318.550643,21413,120514168.0,2533560.337449,0,TCTUSDT
1624406400000,0.0209889999999999,0.023949,0.019722,0.022392,67931912.0,1624492799999,1521189.464851,10545,32402724.0,727230.779001,0,TCTUSDT
1624492800000,0.022392,0.025771,0.021689,0.023566,338830836.0,1624579199999,7765184.133535,23372,174635159.0,4008411.161586,0,TCTUSDT
1624579200000,0.023593,0.024054,0.019411,0.019705,127631452.0,1624665599999,2741124.333855,13944,68736359.0,1474306.268659,0,TCTUSDT
1624665600000,0.019625,0.020827,0.0183319999999999,0.020005,61443620.0,1624751999999,1186314.727035,9072,30431883.0,588801.745297,0,TCTUSDT
1624752000000,0.020073,0.021848,0.019653,0.020865,139225603.0,1624838399999,2874178.412177,11869,68335456.0,1412944.3063440002,0,TCTUSDT
1624838400000,0.02088,0.022475,0.02046,0.022222,45222226.0,1624924799999,968596.449943,7018,21551921.0,461952.206272,0,TCTUSDT
1624924800000,0.022289,0.024398,0.022058,0.022507,49992491.0,1625011199999,1152792.634165,7385,26785450.0,620054.285112,0,TCTUSDT
1625011200000,0.022584,0.023074,0.0202,0.02225,54392313.0,1625097599999,1180774.289698,8452,25243553.0,548367.41067,0,TCTUSDT
1625097600000,0.022233,0.024999,0.020915,0.02273,147885017.0,1625183999999,3394402.829834,18875,70056534.0,1607555.266496,0,TCTUSDT
1625184000000,0.022729,0.023142,0.021158,0.022143,57796812.0,1625270399999,1264625.148784,7840,28748249.0,628958.583424,0,TCTUSDT
1625270400000,0.022143,0.024868,0.021763,0.0233729999999999,119006265.0,1625356799999,2821901.471805,16479,63354978.0,1503419.822787,0,TCTUSDT
1625356800000,0.0233729999999999,0.0245,0.0228,0.023569,70134302.0,1625443199999,1663781.5473860002,9232,33817678.0,803219.210725,0,TCTUSDT
1625443200000,0.023514,0.0235189999999999,0.021542,0.022193,32626739.0,1625529599999,731692.538919,5037,15693928.0,351856.084646,0,TCTUSDT
1625529600000,0.022093,0.024334,0.02204,0.023191,133913416.0,1625615999999,3107081.530448,14140,68579458.0,1593186.825257,0,TCTUSDT
1625616000000,0.023211,0.0258769999999999,0.022876,0.024317,116025682.0,1625702399999,2897977.014503,14270,56695758.0,1416966.934008,0,TCTUSDT
1625702400000,0.024261,0.024395,0.021667,0.022488,61277539.0,1625788799999,1400132.821445,8635,28528342.0,651607.680531,0,TCTUSDT
1625788800000,0.022487,0.0245,0.021171,0.022934,35779845.0,1625875199999,805337.102507,4831,18338722.0,414306.261376,0,TCTUSDT
1625875200000,0.023011,0.02354,0.022249,0.0225439999999999,18462921.0,1625961599999,421279.72668,2922,9231726.0,210744.849693,0,TCTUSDT
1625961600000,0.0225439999999999,0.02404,0.022087,0.023051,34732260.0,1626047999999,799140.055504,4679,17166003.0,395744.690567,0,TCTUSDT
1626048000000,0.023051,0.025236,0.022019,0.022835,70099221.0,1626134399999,1637865.362277,8717,33784199.0,789489.006956,0,TCTUSDT
1626134400000,0.02283,0.0232099999999999,0.02123,0.02184,40406846.0,1626220799999,900601.9991540001,5351,19015426.0,424176.831822,0,TCTUSDT
1626220800000,0.021842,0.021842,0.020013,0.0211389999999999,55295005.0,1626307199999,1160723.971204,6544,25613637.0,538735.850466,0,TCTUSDT
1626307200000,0.021161,0.021945,0.01964,0.020148,69773094.0,1626393599999,1437851.168297,7132,35752167.0,736085.507449,0,TCTUSDT
1626393600000,0.020214,0.021,0.01941,0.019806,39769894.0,1626479999999,804172.351385,4760,17766077.0,359893.702662,0,TCTUSDT
1626480000000,0.019869,0.020455,0.019002,0.019336,40173808.0,1626566399999,788847.8288520001,3969,18878114.0,370950.9887,0,TCTUSDT
1626566400000,0.019415,0.019822,0.018926,0.019387,27341735.0,1626652799999,531889.1561220001,3211,12961156.0,252562.58643,0,TCTUSDT
1626652800000,0.019455,0.019485,0.0177,0.01771,23450779.0,1626739199999,432101.180979,3103,10993197.0,201917.515747,0,TCTUSDT
1626739200000,0.01778,0.01799,0.015516,0.016361,61051986.0,1626825599999,1013065.806028,5741,28693868.0,476125.579875,0,TCTUSDT
1626825600000,0.016395,0.01894,0.01595,0.018762,69318054.0,1626911999999,1254623.653989,7357,35255092.0,638310.010562,0,TCTUSDT
1626912000000,0.018932,0.020498,0.018129,0.019679,103038773.0,1626998399999,1997647.934323,9355,56230871.0,1091154.168656,0,TCTUSDT
1626998400000,0.019674,0.020849,0.019201,0.02069,62375767.0,1627084799999,1244749.5537790002,7170,31618409.0,631159.4285340001,0,TCTUSDT
1627084800000,0.0205729999999999,0.020834,0.019851,0.020583,55364620.0,1627171199999,1132375.711057,6545,26693547.0,546123.736161,0,TCTUSDT
1627171200000,0.020611,0.0206599999999999,0.019296,0.020083,44354576.0,1627257599999,880166.4141350001,5215,22436411.0,444947.19014399993,0,TCTUSDT
1627257600000,0.020159,0.023999,0.01999,0.021371,135345628.0,1627343999999,2980574.2823900003,15246,70076120.0,1547797.079202,0,TCTUSDT
1627344000000,0.021439,0.023969,0.0208889999999999,0.0222139999999999,142338973.0,1627430399999,3194729.100033,13851,66829238.0,1497499.953206,0,TCTUSDT
1627430400000,0.0222139999999999,0.0223979999999999,0.021375,0.021552,42224481.0,1627516799999,919865.96688,4522,20975308.0,458876.349805,0,TCTUSDT
1627516800000,0.021552,0.022094,0.021111,0.021628,36209534.0,1627603199999,785307.861267,4193,16559884.0,359907.03809,0,TCTUSDT
1627603200000,0.021637,0.022082,0.020565,0.02208,47706708.0,1627689599999,1016290.649786,5621,25815279.0,550685.179626,0,TCTUSDT
1627689600000,0.0220199999999999,0.0225919999999999,0.02163,0.022069,27879136.0,1627775999999,613927.38396,4226,15955125.0,351494.399366,0,TCTUSDT
1627776000000,0.022016,0.023999,0.021942,0.0223319999999999,82097268.0,1627862399999,1891291.729916,9408,37044234.0,854024.6862689999,0,TCTUSDT
1627862400000,0.022369,0.028548,0.0220129999999999,0.026194,437104791.0,1627948799999,11488904.11941,50653,212145184.0,5576163.322831,0,TCTUSDT
1627948800000,0.026194,0.0272,0.02394,0.024617,196103983.0,1628035199999,4958385.518326,26198,95886957.0,2427491.517016,0,TCTUSDT
1628035200000,0.024654,0.027,0.0236,0.025776,140983245.0,1628121599999,3557485.599672,18487,71884936.0,1814045.986822,0,TCTUSDT
1628121600000,0.025775,0.027199,0.024594,0.0265259999999999,148630104.0,1628207999999,3851475.90253,18144,77247081.0,2003400.386709,0,TCTUSDT
1628208000000,0.0265259999999999,0.026705,0.02508,0.025463,103222327.0,1628294399999,2675455.2734060003,13033,51222378.0,1328166.35227,0,TCTUSDT
1628294400000,0.025463,0.031708,0.02515,0.0300839999999999,334518496.0,1628380799999,9643362.252412,41009,171360315.0,4938320.430818,0,TCTUSDT
1628380800000,0.030155,0.033175,0.027774,0.028107,247983550.0,1628467199999,7576178.253464,32979,122331700.0,3741353.965811,0,TCTUSDT
1628467200000,0.0281209999999999,0.03085,0.026904,0.030049,112195716.0,1628553599999,3272008.245338,17787,53055840.0,1548694.570259,0,TCTUSDT
1628553600000,0.0300709999999999,0.03198,0.028488,0.02968,101608312.0,1628639999999,3044109.695526,14896,48951182.0,1466089.911439,0,TCTUSDT
1628640000000,0.029626,0.032933,0.0295,0.03063,164511919.0,1628726399999,5188030.681787999,22666,85019139.0,2679780.4058580003,0,TCTUSDT
1628726400000,0.0306,0.032541,0.0285,0.0303,114579512.0,1628812799999,3470524.157975,15530,58345581.0,1767468.839643,0,TCTUSDT
1628812800000,0.030298,0.0355,0.029894,0.0340279999999999,129790229.0,1628899199999,4348976.245505,20755,65751402.0,2201186.7633080003,0,TCTUSDT
1628899200000,0.0339579999999999,0.035497,0.0319,0.032954,86438649.0,1628985599999,2891028.482626,14576,40659384.0,1360923.685913,0,TCTUSDT
1628985600000,0.033012,0.0335,0.031404,0.03312,107084541.0,1629071999999,3457237.4573370004,12524,54299161.0,1753354.7477349995,0,TCTUSDT
1629072000000,0.033178,0.0354,0.032646,0.032783,125665765.0,1629158399999,4339279.398349,18103,58234458.0,2012577.751116,0,TCTUSDT
1629158400000,0.0328699999999999,0.033999,0.02978,0.0299529999999999,56731810.0,1629244799999,1832014.802756,10461,26368296.0,852562.404522,0,TCTUSDT
1629244800000,0.029951,0.031382,0.0289999999999999,0.029924,103431585.0,1629331199999,3116951.4771040003,10810,50492179.0,1522353.347526,0,TCTUSDT
1629331200000,0.029924,0.032356,0.0290029999999999,0.0318209999999999,79875108.0,1629417599999,2442741.561263,9898,40980346.0,1257321.855294,0,TCTUSDT
1629417600000,0.031695,0.032799,0.031361,0.0325079999999999,49380527.0,1629503999999,1581011.082248,9039,24078851.0,771679.7280359999,0,TCTUSDT
1629504000000,0.0325779999999999,0.03415,0.0308649999999999,0.032924,100862063.0,1629590399999,3273968.353193,13688,49945428.0,1620272.309083,0,TCTUSDT
1629590400000,0.033067,0.034,0.031217,0.03243,55571532.0,1629676799999,1807634.639834,9550,26115533.0,849967.8699909999,0,TCTUSDT
1629676800000,0.032364,0.034899,0.0321,0.033753,78546034.0,1629763199999,2627566.709154,13477,37885112.0,1267764.0446040002,0,TCTUSDT
1629763200000,0.033804,0.034847,0.031309,0.031573,74594916.0,1629849599999,2473969.533778,12480,37371481.0,1238968.975259,0,TCTUSDT
1629849600000,0.031755,0.033,0.030001,0.0324,46557297.0,1629935999999,1474738.623176,7868,23973922.0,759190.011289,0,TCTUSDT
1629936000000,0.032473,0.033268,0.0303,0.03107,68373638.0,1630022399999,2172290.22413,11591,30774254.0,977411.979239,0,TCTUSDT
1630022400000,0.03105,0.0329,0.03028,0.03253,35534578.0,1630108799999,1117517.81714,7201,18843385.0,592917.6103,0,TCTUSDT
1630108800000,0.0326,0.0329,0.0310399999999999,0.0314,59388858.0,1630195199999,1898927.51519,7975,32229753.0,1032881.81201,0,TCTUSDT
1630195200000,0.03143,0.032,0.0308,0.03137,26879310.0,1630281599999,842508.1331600001,4763,13701727.0,429712.18047,0,TCTUSDT
1630281600000,0.03136,0.03222,0.03013,0.031,52793659.0,1630367999999,1645751.172152,6973,23934292.0,746441.47196,0,TCTUSDT
1630368000000,0.03108,0.03221,0.03036,0.03149,39569312.0,1630454399999,1233387.04959,6837,21222977.0,661751.0954,0,TCTUSDT
1630454400000,0.03149,0.03284,0.0309,0.03227,47556719.0,1630540799999,1519415.50146,7626,27364537.0,876596.49945,0,TCTUSDT
1630540800000,0.03227,0.03347,0.03208,0.03235,59741976.0,1630627199999,1959236.691812,11765,29887464.0,980988.734332,0,TCTUSDT
1630627200000,0.03235,0.0333899999999999,0.03166,0.0328,46659387.0,1630713599999,1522706.69046,9131,22913014.0,748812.81218,0,TCTUSDT
1630713600000,0.03279,0.03532,0.03259,0.0343,78102806.0,1630799999999,2660976.743616,14980,38386998.0,1308020.365726,0,TCTUSDT
1630800000000,0.0343,0.03959,0.03405,0.03607,247400413.0,1630886399999,9121470.811873,37365,120423924.0,4439120.873483,0,TCTUSDT
1630886400000,0.03611,0.052,0.03555,0.0429,635575628.0,1630972799999,27942491.717627004,91050,327016127.0,14402557.514197,0,TCTUSDT
1630972800000,0.04291,0.0473899999999999,0.0290899999999999,0.0401,389000496.0,1631059199999,15434361.788356,66540,187145108.0,7451258.11641,0,TCTUSDT
1631059200000,0.04032,0.04049,0.03295,0.03495,217702624.0,1631145599999,7891539.871389999,34438,100853901.0,3660078.32382,0,TCTUSDT
1631145600000,0.03497,0.04098,0.0348,0.03616,226578620.0,1631231999999,8396514.07746,33030,117535058.0,4345712.89714,0,TCTUSDT
1631232000000,0.03611,0.0374899999999999,0.03216,0.03385,146136845.0,1631318399999,5086828.135969999,21846,73124545.0,2550669.09866,0,TCTUSDT
1631318400000,0.03385,0.03897,0.0335699999999999,0.03539,100517711.0,1631404799999,3596525.8495,18164,47712153.0,1710788.27072,0,TCTUSDT
1631404800000,0.03548,0.03746,0.0337,0.03496,72838317.0,1631491199999,2569831.01941,12800,36765879.0,1297481.3980299998,0,TCTUSDT
1631491200000,0.03495,0.03571,0.0307399999999999,0.03486,111558294.0,1631577599999,3701703.64845,16668,51717316.0,1715754.10988,0,TCTUSDT
1631577600000,0.03486,0.0378,0.03457,0.03549,116845358.0,1631663999999,4211968.967730001,20977,55962727.0,2018806.26911,0,TCTUSDT
1631664000000,0.03549,0.038,0.03466,0.03767,94275821.0,1631750399999,3414092.0186900003,18110,46624519.0,1691547.89135,0,TCTUSDT
1631750400000,0.03762,0.03784,0.03426,0.03553,67526607.0,1631836799999,2435315.5006,12192,31396455.0,1132659.60891,0,TCTUSDT
1631836800000,0.0353399999999999,0.03573,0.03333,0.0338199999999999,43306136.0,1631923199999,1496094.35793,7610,21513300.0,743888.7142,0,TCTUSDT
1631923200000,0.0338199999999999,0.03618,0.03336,0.03522,48019249.0,1632009599999,1687908.29621,9793,23984233.0,843366.84827,0,TCTUSDT
1632009600000,0.0353399999999999,0.03648,0.03259,0.03353,83120840.0,1632095999999,2893683.32813,12633,42695095.0,1488244.08922,0,TCTUSDT
1632096000000,0.0336,0.036,0.02758,0.02796,125994627.0,1632182399999,3956396.884182,19378,60992998.0,1913307.91699,0,TCTUSDT
1632182400000,0.02798,0.02955,0.02394,0.0244199999999999,75679587.0,1632268799999,2060184.913955,10049,38571479.0,1054547.96201,0,TCTUSDT
1632268800000,0.02458,0.03093,0.02374,0.02882,153123032.0,1632355199999,4183553.89282,17493,82094309.0,2240821.88319,0,TCTUSDT
1632355200000,0.0286899999999999,0.0310399999999999,0.02795,0.02932,134938077.0,1632441599999,3967240.77733,18680,70631239.0,2078158.38729,0,TCTUSDT
1632441600000,0.02933,0.0295399999999999,0.02523,0.02786,84036223.0,1632527999999,2302861.31926,10031,42327222.0,1161083.52305,0,TCTUSDT
1632528000000,0.02795,0.0292,0.0266199999999999,0.0275,156889723.0,1632614399999,4380948.04381,12756,78664979.0,2199948.56184,0,TCTUSDT
1632614400000,0.0274899999999999,0.0285,0.02481,0.02642,82421556.0,1632700799999,2216722.74434,8877,39309791.0,1058896.06296,0,TCTUSDT
1632700800000,0.02635,0.0278899999999999,0.02554,0.02563,43207609.0,1632787199999,1168705.31575,5322,19044094.0,515623.6766,0,TCTUSDT
1632787200000,0.02561,0.02696,0.02383,0.02408,54060393.0,1632873599999,1368808.6993,6036,26410628.0,670675.26188,0,TCTUSDT
1632873600000,0.024,0.0259399999999999,0.0234699999999999,0.0238099999999999,32794437.0,1632959999999,809657.88787,4601,16323977.0,402433.08409,0,TCTUSDT
1632960000000,0.02377,0.02559,0.02365,0.02502,43041742.0,1633046399999,1063081.31917,5343,22612561.0,558481.8199100001,0,TCTUSDT
1633046400000,0.02513,0.0279999999999999,0.02476,0.0271,63398813.0,1633132799999,1664902.66461,9220,32365642.0,849999.02527,0,TCTUSDT
1633132800000,0.02708,0.03184,0.02653,0.0308,101334288.0,1633219199999,2969471.59231,17936,51678621.0,1513522.63437,0,TCTUSDT
1633219200000,0.03069,0.033,0.02895,0.02956,162960701.0,1633305599999,5096753.29766,24193,77344371.0,2426010.7085,0,TCTUSDT
1633305600000,0.02962,0.02965,0.02821,0.02905,74996736.0,1633391999999,2174639.80276,12243,37830504.0,1097634.52329,0,TCTUSDT
1633392000000,0.02901,0.03116,0.0287,0.03052,73728682.0,1633478399999,2185931.4674400003,11896,38389671.0,1138372.42187,0,TCTUSDT
1633478400000,0.0305399999999999,0.03098,0.0272399999999999,0.03028,135905371.0,1633564799999,3908024.82983,16761,72676594.0,2087791.77766,0,TCTUSDT
1633564800000,0.0303,0.03296,0.0289999999999999,0.02951,74110689.0,1633651199999,2238522.33506,12336,36575417.0,1106051.8835,0,TCTUSDT
1633651200000,0.0295199999999999,0.033,0.0293,0.0307899999999999,81981835.0,1633737599999,2567802.83087,13357,42353301.0,1328415.92837,0,TCTUSDT
1633737600000,0.0308,0.0348,0.03057,0.03348,153720830.0,1633823999999,5072863.41569,22998,76408750.0,2523445.05207,0,TCTUSDT
1633824000000,0.03354,0.03499,0.02992,0.03016,96802730.0,1633910399999,3157375.2954,15129,45833141.0,1499838.66626,0,TCTUSDT
1633910400000,0.03005,0.03069,0.02805,0.0289,78460342.0,1633996799999,2325516.575,11094,37322331.0,1109634.18938,0,TCTUSDT
1633996800000,0.02887,0.02903,0.02705,0.0286699999999999,41260536.0,1634083199999,1163911.84601,6057,19583853.0,553825.36641,0,TCTUSDT
1634083200000,0.02868,0.0365,0.0286,0.0323,403252648.0,1634169599999,13214826.40268,53607,201576813.0,6618251.79742,0,TCTUSDT
1634169600000,0.03228,0.03365,0.03148,0.0321899999999999,153488139.0,1634255999999,4973784.70099,23437,78333155.0,2539152.57516,0,TCTUSDT
1634256000000,0.03229,0.0328699999999999,0.03015,0.03183,105190433.0,1634342399999,3313555.37001,16057,53202352.0,1676099.57889,0,TCTUSDT
1634342400000,0.03183,0.0455,0.03128,0.03518,1012766666.0,1634428799999,39623432.61057,141808,497812919.0,19505929.90256,0,TCTUSDT
1634428800000,0.03518,0.03881,0.03427,0.03641,333287869.0,1634515199999,11994611.87557,53854,163645797.0,5902742.07565,0,TCTUSDT
1634515200000,0.03606,0.038,0.0338899999999999,0.03452,91658266.0,1634601599999,3288632.33012,17437,44530311.0,1600657.8034,0,TCTUSDT
1634601600000,0.03457,0.038,0.0343199999999999,0.03567,125130699.0,1634687999999,4521104.8949,21245,66030359.0,2390587.49898,0,TCTUSDT
1634688000000,0.03571,0.03618,0.03483,0.03578,72425206.0,1634774399999,2569567.99445,13887,35239379.0,1251323.04604,0,TCTUSDT
1634774400000,0.0357699999999999,0.03789,0.03431,0.03452,94263804.0,1634860799999,3387952.47611,15332,47459621.0,1707733.88562,0,TCTUSDT
1634860800000,0.03451,0.03599,0.03366,0.03424,47743623.0,1634947199999,1672149.16382,8162,22941142.0,805231.84586,0,TCTUSDT
1634947200000,0.0342,0.03698,0.03395,0.0357899999999999,56970277.0,1635033599999,2041968.32342,11588,30953698.0,1108802.47555,0,TCTUSDT
1635033600000,0.0357899999999999,0.03669,0.03429,0.03464,45422591.0,1635119999999,1603751.2888,8780,23059629.0,815255.90239,0,TCTUSDT
1635120000000,0.03464,0.03555,0.03449,0.03503,40151829.0,1635206399999,1407055.51338,6638,19471142.0,682459.12603,0,TCTUSDT
1635206400000,0.03503,0.0364899999999999,0.03448,0.03469,58053507.0,1635292799999,2053631.92994,11278,29607115.0,1048643.58982,0,TCTUSDT
1635292800000,0.03467,0.03505,0.03023,0.03023,54302224.0,1635379199999,1749410.6344400002,8075,25764411.0,828008.74485,0,TCTUSDT
1635379200000,0.03022,0.035,0.02967,0.0321,50031604.0,1635465599999,1591309.04003,8602,25782805.0,820043.50696,0,TCTUSDT
1635465600000,0.03223,0.03542,0.03167,0.03377,58336441.0,1635551999999,1956711.2688400005,9929,28474407.0,955807.53631,0,TCTUSDT
1635552000000,0.03381,0.0355,0.03279,0.03466,54568254.0,1635638399999,1857943.04347,10776,26922622.0,917319.01486,0,TCTUSDT
1635638400000,0.03473,0.03525,0.03326,0.03462,56766947.0,1635724799999,1949091.73627,10149,27504893.0,944683.51487,0,TCTUSDT
1635724800000,0.03462,0.0355,0.03323,0.0338399999999999,65526488.0,1635811199999,2264193.06042,8577,38767873.0,1342067.4246,0,TCTUSDT
1635811200000,0.0338399999999999,0.03487,0.03286,0.03422,49242681.0,1635897599999,1677346.30687,8372,26438100.0,900441.705,0,TCTUSDT
1635897600000,0.03427,0.03782,0.03265,0.03597,113663781.0,1635983999999,3995053.43806,17798,56800808.0,1993853.43109,0,TCTUSDT
1635984000000,0.03598,0.037,0.033,0.03401,78956404.0,1636070399999,2779942.43218,14353,41125366.0,1449991.0033,0,TCTUSDT
1636070400000,0.03399,0.03565,0.03354,0.0341,56221483.0,1636156799999,1943210.12495,9477,26733851.0,924630.99111,0,TCTUSDT
1636156800000,0.03412,0.035,0.03327,0.03387,34393110.0,1636243199999,1170474.65726,6121,16517694.0,562765.0352800001,0,TCTUSDT
1636243200000,0.03387,0.03729,0.03381,0.03583,91373885.0,1636329599999,3254564.24252,15005,44668495.0,1591130.82172,0,TCTUSDT
1636329600000,0.03592,0.0376,0.03439,0.03632,78198600.0,1636415999999,2832995.92397,14070,39084378.0,1417592.82024,0,TCTUSDT
1636416000000,0.0362399999999999,0.03642,0.0351,0.03551,43239635.0,1636502399999,1546083.93608,8170,21462163.0,768002.01067,0,TCTUSDT
1636502400000,0.03561,0.0374899999999999,0.03329,0.03411,64260633.0,1636588799999,2309650.09871,11923,30230278.0,1088443.4492,0,TCTUSDT
1636588800000,0.03408,0.03526,0.03346,0.03483,45182044.0,1636675199999,1556377.66841,6811,22542329.0,777566.17493,0,TCTUSDT
1636675200000,0.03477,0.03599,0.0336,0.03518,41889965.0,1636761599999,1456554.9810799998,6909,20356399.0,708230.91065,0,TCTUSDT
1636761600000,0.03517,0.038,0.03416,0.03586,107265252.0,1636847999999,3847631.21678,14507,55109288.0,1977937.79617,0,TCTUSDT
1636848000000,0.03586,0.03935,0.03553,0.0385,104813773.0,1636934399999,3952410.02025,20859,50716791.0,1914773.51102,0,TCTUSDT
1636934400000,0.03855,0.04033,0.03556,0.03575,88271357.0,1637020799999,3296037.6364700003,14493,41226195.0,1546536.4801,0,TCTUSDT
1637020800000,0.03571,0.03575,0.03025,0.03251,62907159.0,1637107199999,2089532.97244,10372,29867951.0,992384.84278,0,TCTUSDT
1637107200000,0.03251,0.03315,0.03101,0.033,29737904.0,1637193599999,962310.8444,5095,14800109.0,479062.3865,0,TCTUSDT
1637193600000,0.033,0.03306,0.02881,0.0297699999999999,28231871.0,1637279999999,876963.56059,5135,13281704.0,412178.17369,0,TCTUSDT
1637280000000,0.02981,0.03174,0.0289399999999999,0.0314399999999999,42394703.0,1637366399999,1309475.14179,5157,19749514.0,610111.99191,0,TCTUSDT
1637366400000,0.0315,0.0469,0.03121,0.04117,654490346.0,1637452799999,25794066.86426,79080,325164897.0,12830875.33585,0,TCTUSDT
1637452800000,0.0411399999999999,0.06385,0.03671,0.03765,1817655422.0,1637539199999,94799585.334187,271512,897531337.0,46985227.946307,0,TCTUSDT
1637539200000,0.03765,0.03947,0.035,0.03535,325664467.0,1637625599999,12137206.88183,48316,154373554.0,5765598.79984,0,TCTUSDT
1637625600000,0.0353,0.0398,0.03418,0.03726,211564174.0,1637711999999,7890782.282089999,29206,104805130.0,3913699.0788,0,TCTUSDT
1637712000000,0.03729,0.04091,0.0357899999999999,0.03665,203345637.0,1637798399999,7706664.46345,29892,98237238.0,3732972.49843,0,TCTUSDT
1637798400000,0.03658,0.047,0.0362,0.04351,462655497.0,1637884799999,19341970.82358,72895,236821471.0,9904298.76497,0,TCTUSDT
1637884800000,0.04349,0.0479,0.036,0.03688,202218891.0,1637971199999,8229017.90219,34827,92706884.0,3799030.82698,0,TCTUSDT
1637971200000,0.0367899999999999,0.0393,0.03611,0.03701,88439821.0,1638057599999,3313136.15141,14289,42148355.0,1580319.57581,0,TCTUSDT
1638057600000,0.03707,0.03718,0.03294,0.03617,87617435.0,1638143999999,3108106.0953,12250,39409901.0,1402446.89233,0,TCTUSDT
1638144000000,0.03617,0.03721,0.03573,0.03589,49290397.0,1638230399999,1792044.03668,7931,24037625.0,874183.2562299999,0,TCTUSDT
1638230400000,0.03587,0.0369899999999999,0.03442,0.03471,78577314.0,1638316799999,2812656.85509,11581,38019364.0,1362272.27616,0,TCTUSDT
1638316800000,0.03461,0.0364899999999999,0.03442,0.03518,66380227.0,1638403199999,2350729.08816,9032,34595763.0,1226442.10413,0,TCTUSDT
1638403200000,0.03519,0.042,0.032,0.03802,317441730.0,1638489599999,11837818.42727,41140,154608572.0,5790870.01404,0,TCTUSDT
1638489600000,0.03807,0.0659,0.03728,0.04213,2536783342.0,1638575999999,128923615.675606,396242,1273201248.0,64868126.303326,0,TCTUSDT
1638576000000,0.04227,0.04487,0.02836,0.03555,613414115.0,1638662399999,23313386.22616,89590,294997954.0,11227957.17997,0,TCTUSDT
1638662400000,0.03547,0.04158,0.03375,0.0359,441331021.0,1638748799999,16622970.02538,72645,221128488.0,8336673.24175,0,TCTUSDT
1638748800000,0.03591,0.03947,0.03215,0.03705,430255974.0,1638835199999,15693619.72553,57400,251456903.0,9200745.84415,0,TCTUSDT
1638835200000,0.03705,0.03865,0.03508,0.03588,183670554.0,1638921599999,6818134.91688,26549,98392407.0,3666593.5791,0,TCTUSDT
1638921600000,0.03585,0.03792,0.0340699999999999,0.03688,160408805.0,1639007999999,5805522.36976,24152,93732362.0,3398993.92791,0,TCTUSDT
1639008000000,0.03691,0.04311,0.03556,0.03566,487757012.0,1639094399999,19231713.42173,84058,251852111.0,9958237.36485,0,TCTUSDT
1639094400000,0.03567,0.03716,0.0325,0.03281,112110089.0,1639180799999,3925781.00303,20491,52418775.0,1834684.96979,0,TCTUSDT
1639180800000,0.03279,0.03625,0.03195,0.03553,78326851.0,1639267199999,2667519.03475,16045,38693903.0,1317138.58712,0,TCTUSDT
1639267200000,0.03553,0.037,0.03404,0.0349,70519589.0,1639353599999,2489604.60971,14209,34067776.0,1201749.45845,0,TCTUSDT
1639353600000,0.03485,0.0350899999999999,0.02973,0.0304899999999999,62127345.0,1639439999999,2017452.25415,12971,28645884.0,930172.98297,0,TCTUSDT
1639440000000,0.03044,0.03131,0.0283399999999999,0.03,96028804.0,1639526399999,2866701.5358,15171,46630108.0,1392375.4205200002,0,TCTUSDT
1639526400000,0.03001,0.03051,0.02742,0.02965,74782839.0,1639612799999,2192751.1110400003,12988,37162850.0,1091034.37268,0,TCTUSDT
1639612800000,0.02965,0.03233,0.02951,0.02967,82766568.0,1639699199999,2548471.01725,15554,40695386.0,1253987.28862,0,TCTUSDT
1639699200000,0.02968,0.04256,0.0291,0.03638,1153456246.0,1639785599999,43595366.10129,215377,567421214.0,21480904.21974,0,TCTUSDT
1639785600000,0.03637,0.05076,0.03476,0.03626,1962234321.0,1639871999999,84083521.14237,372301,981345486.0,42173601.92452,0,TCTUSDT
1639872000000,0.03623,0.03689,0.03266,0.03308,346267458.0,1639958399999,12125245.25727,49860,169336534.0,5942748.192009999,0,TCTUSDT
1639958400000,0.03312,0.0355,0.03149,0.03483,273327393.0,1640044799999,9126781.95749,43215,140320626.0,4688460.1524,0,TCTUSDT
1640044800000,0.03483,0.0355,0.03321,0.03395,165159132.0,1640131199999,5654658.8852,25790,83119056.0,2849283.67752,0,TCTUSDT
1640131200000,0.03395,0.0345899999999999,0.03254,0.03279,141287646.0,1640217599999,4757253.52001,20432,71716927.0,2418208.62141,0,TCTUSDT
1640217600000,0.03279,0.0346,0.03224,0.03411,83541237.0,1640303999999,2810404.72801,17523,43399760.0,1460375.59456,0,TCTUSDT
1640304000000,0.03419,0.0364699999999999,0.0335,0.03376,132802720.0,1640390399999,4622307.14413,25546,67171045.0,2338536.80389,0,TCTUSDT
1640390400000,0.03376,0.03877,0.03337,0.03611,233033789.0,1640476799999,8493118.599510001,39855,115082745.0,4196554.08952,0,TCTUSDT
1640476800000,0.03601,0.037,0.0350899999999999,0.03622,102349202.0,1640563199999,3669718.12493,20874,53005489.0,1901869.9589,0,TCTUSDT
1640563200000,0.03625,0.04069,0.03619,0.0384,279160202.0,1640649599999,10735612.50875,50777,139821282.0,5385666.13266,0,TCTUSDT
1640649600000,0.0384,0.03865,0.03436,0.0347,145739844.0,1640735999999,5250192.36744,27833,65561511.0,2364100.2989,0,TCTUSDT
1640736000000,0.03469,0.0378,0.0338,0.03486,149941031.0,1640822399999,5382293.02855,29532,75217465.0,2703735.48981,0,TCTUSDT
1640822400000,0.03486,0.03742,0.03417,0.03578,115453811.0,1640908799999,4135536.05968,23482,56968113.0,2041358.12988,0,TCTUSDT
1640908800000,0.03578,0.03653,0.034,0.03446,65630571.0,1640995199999,2334256.7119,13490,31541226.0,1122482.12684,0,TCTUSDT
1640995200000,0.03447,0.0374,0.03444,0.03676,100813547.0,1641081599999,3663939.19427,17230,51656591.0,1878573.70667,0,TCTUSDT
1641081600000,0.03684,0.0375,0.03563,0.03623,69489312.0,1641167999999,2524491.62328,12999,34236538.0,1244508.39765,0,TCTUSDT
1641168000000,0.03623,0.03783,0.03515,0.03576,95361295.0,1641254399999,3482857.87524,16820,44286514.0,1621401.20567,0,TCTUSDT
1641254400000,0.03581,0.03685,0.03512,0.03535,58659130.0,1641340799999,2110576.8511,11450,26654088.0,959473.92614,0,TCTUSDT
1641340800000,0.0353399999999999,0.03631,0.03138,0.03203,69949464.0,1641427199999,2406810.7500400003,14931,31243440.0,1075507.095,0,TCTUSDT
1641427200000,0.032,0.03213,0.0297699999999999,0.03118,74207187.0,1641513599999,2291523.66516,14642,36354717.0,1122516.27896,0,TCTUSDT
1641513600000,0.03118,0.03118,0.02806,0.02833,62637249.0,1641599999999,1836033.0655,12409,31075446.0,910042.83477,0,TCTUSDT
1641600000000,0.0283199999999999,0.03086,0.02691,0.0279,79487871.0,1641686399999,2305805.17047,14640,39842453.0,1155941.93606,0,TCTUSDT
1641686400000,0.0279,0.03025,0.02766,0.02883,48128856.0,1641772799999,1390003.23268,9500,23716035.0,686986.53729,0,TCTUSDT
1641772800000,0.02882,0.02918,0.02506,0.02618,74175089.0,1641859199999,1980829.47428,11491,34519545.0,917862.73398,0,TCTUSDT
1641859200000,0.02616,0.02786,0.02586,0.02745,32986218.0,1641945599999,888544.3111899999,7130,17303626.0,465462.64191000006,0,TCTUSDT
1641945600000,0.02743,0.02903,0.02737,0.0287899999999999,27107878.0,1642031999999,765593.28397,5737,15083242.0,426207.71908,0,TCTUSDT
1642032000000,0.0287899999999999,0.02922,0.02671,0.02811,59037552.0,1642118399999,1666447.24443,8994,30455116.0,862757.2046899999,0,TCTUSDT
1642118400000,0.02811,0.02873,0.0275,0.02854,38493064.0,1642204799999,1086610.2948,6675,14760419.0,416894.38677,0,TCTUSDT
1642204800000,0.02852,0.0296,0.0279,0.0289999999999999,29795205.0,1642291199999,853197.08627,6767,15790051.0,452369.86121000006,0,TCTUSDT
1642291200000,0.0289999999999999,0.0292,0.0279999999999999,0.02815,26503028.0,1642377599999,753340.92319,5711,12723510.0,361985.5358,0,TCTUSDT
1642377600000,0.02815,0.02826,0.02621,0.0266,23658542.0,1642463999999,641538.07938,5613,11916050.0,322663.13155,0,TCTUSDT
1642464000000,0.02656,0.0270899999999999,0.0251,0.02575,20714164.0,1642550399999,538435.15934,4441,10155044.0,264026.62303,0,TCTUSDT
1642550400000,0.02576,0.02751,0.0246,0.0255199999999999,44011776.0,1642636799999,1144270.87259,9101,22784303.0,593889.62431,0,TCTUSDT
1642636800000,0.02545,0.0264899999999999,0.02445,0.02524,30061882.0,1642723199999,767144.87647,6119,13546333.0,345674.68597,0,TCTUSDT
1642723200000,0.02528,0.0253,0.02044,0.02085,65831172.0,1642809599999,1512671.049584,10600,31429478.0,721620.15908,0,TCTUSDT
1642809600000,0.02085,0.02133,0.01701,0.0180099999999999,82435077.0,1642895999999,1540799.80444,9731,42981468.0,804210.24842,0,TCTUSDT
1642896000000,0.01803,0.01993,0.01795,0.01935,32343949.0,1642982399999,615096.31608,4648,16562808.0,315059.28909000003,0,TCTUSDT
1642982400000,0.01931,0.01933,0.0159,0.01846,59490562.0,1643068799999,1016502.48232,6917,28273761.0,483844.53075,0,TCTUSDT
1643068800000,0.01839,0.01913,0.0177599999999999,0.0182699999999999,30507704.0,1643155199999,558828.50563,4474,15678983.0,287470.35152,0,TCTUSDT
1643155200000,0.01826,0.02035,0.01795,0.01857,32691133.0,1643241599999,624722.96424,6149,17449300.0,333022.06638000003,0,TCTUSDT
1643241600000,0.01858,0.01932,0.01778,0.01904,29473884.0,1643327999999,546441.28522,4338,14528858.0,269875.49373000005,0,TCTUSDT
1643328000000,0.01907,0.0195,0.0183,0.01899,21693204.0,1643414399999,406105.08342,2794,10844176.0,203231.16175,0,TCTUSDT
1643414400000,0.01898,0.0198199999999999,0.01871,0.01925,41787350.0,1643500799999,806207.13445,3430,20005273.0,386758.96668,0,TCTUSDT
1643500800000,0.01926,0.02285,0.0189,0.01977,123999404.0,1643587199999,2565273.61884,12474,56618539.0,1173103.21478,0,TCTUSDT
1643587200000,0.0198199999999999,0.02075,0.019,0.0204199999999999,65522005.0,1643673599999,1299379.80165,6311,34038653.0,675325.83083,0,TCTUSDT
1643673600000,0.0204,0.02074,0.01979,0.02058,42288563.0,1643759999999,859553.3958299999,4961,21601039.0,439355.4591,0,TCTUSDT
1643760000000,0.02058,0.02164,0.01937,0.01964,74218898.0,1643846399999,1520779.22614,9510,37250604.0,763935.8287899999,0,TCTUSDT
1643846400000,0.0196,0.02355,0.01918,0.02054,128985908.0,1643932799999,2747284.26436,16462,64756456.0,1380747.24333,0,TCTUSDT
1643932800000,0.02052,0.0243199999999999,0.02033,0.02267,87583923.0,1644019199999,1944572.82396,12705,42726229.0,949193.62649,0,TCTUSDT
1644019200000,0.02267,0.02327,0.0221099999999999,0.02244,26119427.0,1644105599999,594221.23918,5517,13569306.0,308838.47388,0,TCTUSDT
1644105600000,0.02251,0.02391,0.02233,0.02345,42616995.0,1644191999999,981344.51967,6357,19181313.0,441489.59593,0,TCTUSDT
1644192000000,0.02345,0.02474,0.02308,0.02437,28589196.0,1644278399999,687487.85638,5686,16051983.0,386132.01316,0,TCTUSDT
1644278400000,0.02441,0.02472,0.023,0.0240699999999999,27498237.0,1644364799999,655048.99569,5852,12660095.0,302120.27821,0,TCTUSDT
1644364800000,0.02409,0.02448,0.02351,0.02431,13401604.0,1644451199999,322299.57107,3465,6831351.0,164303.10903,0,TCTUSDT
1644451200000,0.02427,0.02493,0.02306,0.0231199999999999,24359152.0,1644537599999,587703.10351,6452,12318965.0,298083.27106,0,TCTUSDT
1644537600000,0.0231,0.02456,0.02163,0.02168,21763236.0,1644623999999,505545.41509,5119,10420469.0,242461.58194,0,TCTUSDT
1644624000000,0.02166,0.02182,0.02063,0.02107,11912559.0,1644710399999,253527.85069,2567,5374655.0,114386.96577,0,TCTUSDT
1644710400000,0.02108,0.0241,0.02043,0.02043,56519240.0,1644796799999,1242366.34602,8402,29505007.0,652752.8138199999,0,TCTUSDT
1644796800000,0.02046,0.02575,0.02,0.0214,97103008.0,1644883199999,2227233.49357,13390,51192228.0,1184416.52868,0,TCTUSDT
1644883200000,0.0214,0.02458,0.02137,0.02282,40399881.0,1644969599999,924388.0279,7823,19973892.0,457481.26187,0,TCTUSDT
1644969600000,0.02285,0.02286,0.02161,0.02233,18953832.0,1645055999999,420245.76534,3106,9579801.0,212423.8154,0,TCTUSDT
1645056000000,0.0223699999999999,0.02276,0.02014,0.02033,14052298.0,1645142399999,300821.54164,2852,4963184.0,106958.94163,0,TCTUSDT
1645142400000,0.02028,0.02115,0.02018,0.0203199999999999,10167359.0,1645228799999,209591.3937,2346,5318664.0,109651.67089,0,TCTUSDT
1645228800000,0.02034,0.02058,0.01969,0.01992,7619784.0,1645315199999,153358.27597000002,1887,4106613.0,82677.84111000001,0,TCTUSDT
1645315200000,0.01994,0.02004,0.01839,0.01885,12063438.0,1645401599999,229285.4225,2838,5925065.0,112552.7584,0,TCTUSDT
1645401600000,0.01885,0.0200699999999999,0.017,0.01703,29256298.0,1645487999999,535745.89785,4301,15725779.0,287876.61444000003,0,TCTUSDT
1645488000000,0.01706,0.02114,0.01644,0.01844,139249910.0,1645574399999,2689514.88785,20277,67368498.0,1301818.17189,0,TCTUSDT
1645574400000,0.01845,0.0191199999999999,0.01739,0.01743,28926289.0,1645660799999,527760.76431,4351,13557638.0,247911.98682,0,TCTUSDT
1645660800000,0.01741,0.01744,0.01449,0.01659,51450800.0,1645747199999,801899.8768600001,6196,25261266.0,392725.26915,0,TCTUSDT
1645747200000,0.01669,0.01793,0.01644,0.0175,19755595.0,1645833599999,337370.32154000003,3539,10422876.0,178330.62539,0,TCTUSDT
1645833600000,0.01753,0.01798,0.01702,0.0171599999999999,28814574.0,1645919999999,501192.55769,3508,14360299.0,249914.59254,0,TCTUSDT
1645920000000,0.0171699999999999,0.01747,0.01576,0.016,19464205.0,1646006399999,323392.32656,2752,9850988.0,164456.89699,0,TCTUSDT
1646006400000,0.01596,0.0179,0.01576,0.0176699999999999,26954211.0,1646092799999,452144.34518,4449,15194388.0,255118.04538000005,0,TCTUSDT
1646092800000,0.01768,0.01855,0.01724,0.01824,42740070.0,1646179199999,762398.7302,7368,21266972.0,379697.27299,0,TCTUSDT
1646179200000,0.01831,0.01877,0.01746,0.01757,26552529.0,1646265599999,478680.60778,5381,11620601.0,209779.65357,0,TCTUSDT
1646265600000,0.0176,0.0184,0.01702,0.0178,28568418.0,1646351999999,502805.90577,5375,14636538.0,257764.4725,0,TCTUSDT
1646352000000,0.01779,0.02044,0.01605,0.01625,204143640.0,1646438399999,3814533.8496,25595,95893601.0,1797938.09294,0,TCTUSDT
1646438400000,0.01625,0.01768,0.01579,0.017,36077476.0,1646524799999,599250.71913,5180,18193261.0,301827.04213,0,TCTUSDT
1646524800000,0.01703,0.01923,0.01601,0.01659,101624111.0,1646611199999,1777180.66885,14165,51409576.0,900868.75274,0,TCTUSDT
1646611200000,0.01659,0.01822,0.01602,0.01642,59712333.0,1646697599999,1016799.07281,9248,28575129.0,488396.1096,0,TCTUSDT
1646697600000,0.01641,0.01773,0.01625,0.01695,32413534.0,1646783999999,548057.4447100001,5382,15160345.0,256769.55812,0,TCTUSDT
1646784000000,0.01695,0.01854,0.0169099999999999,0.01738,44753382.0,1646870399999,792619.50638,6153,22985839.0,407788.42012,0,TCTUSDT
1646870400000,0.01734,0.01744,0.01625,0.01656,18493571.0,1646956799999,307743.55344,3537,8287760.0,137954.66938,0,TCTUSDT
1646956800000,0.01656,0.01703,0.01587,0.01634,28261102.0,1647043199999,463962.6601,4948,13559001.0,222962.70329,0,TCTUSDT
1647043200000,0.0163199999999999,0.01714,0.01628,0.01652,19645118.0,1647129599999,327297.42562,2872,11075960.0,185299.09557,0,TCTUSDT
1647129600000,0.01649,0.02586,0.01595,0.01891,1552147974.0,1647215999999,33541207.72936,181838,790188329.0,17136744.214879997,0,TCTUSDT
1647216000000,0.01893,0.02095,0.017,0.0177699999999999,567935953.0,1647302399999,10694136.55746,65846,272527203.0,5148281.865019999,0,TCTUSDT
1647302400000,0.01775,0.01782,0.01651,0.01673,170855098.0,1647388799999,2894277.0879900004,16265,82981931.0,1404970.03479,0,TCTUSDT
1647388800000,0.01671,0.01847,0.01665,0.01741,153368516.0,1647475199999,2645940.42111,15538,74690040.0,1292243.61837,0,TCTUSDT
1647475200000,0.01737,0.01762,0.01678,0.01712,83361624.0,1647561599999,1435029.11247,7869,41173432.0,709059.7915899999,0,TCTUSDT
1647561600000,0.01709,0.01874,0.01686,0.01779,149955282.0,1647647999999,2648012.03201,16099,75441877.0,1334649.24829,0,TCTUSDT
1647648000000,0.0178,0.01958,0.01734,0.0186,142256323.0,1647734399999,2614506.13579,14443,72670129.0,1338686.14051,0,TCTUSDT
1647734400000,0.01857,0.02,0.0177599999999999,0.01815,235142185.0,1647820799999,4392449.68178,25644,108440368.0,2032140.68064,0,TCTUSDT
1647820800000,0.01816,0.01993,0.01784,0.01854,159454375.0,1647907199999,3005635.7296700003,17409,77856187.0,1471660.16304,0,TCTUSDT
1647907200000,0.01854,0.0201,0.0183599999999999,0.01913,100369813.0,1647993599999,1933941.09569,12101,51460936.0,993792.64362,0,TCTUSDT
1647993600000,0.01915,0.01965,0.01884,0.01955,40264485.0,1648079999999,769865.13032,5499,19947141.0,382232.65412,0,TCTUSDT
1648080000000,0.01952,0.02035,0.01916,0.01974,82784339.0,1648166399999,1634454.49575,9760,45274310.0,894742.93836,0,TCTUSDT
1648166400000,0.01974,0.02232,0.0192199999999999,0.02008,228232801.0,1648252799999,4708723.880340001,23023,106183129.0,2192369.44517,0,TCTUSDT
1648252800000,0.02008,0.03333,0.01976,0.02376,1781105351.0,1648339199999,47209505.21842,198609,905257114.0,24022678.81494,0,TCTUSDT
1648339200000,0.0238,0.02414,0.0213,0.0223,519350495.0,1648425599999,11672903.72699,59007,240352721.0,5407961.849780001,0,TCTUSDT
1648425600000,0.02231,0.0232,0.0215,0.0215,209089995.0,1648511999999,4682474.70605,23145,101753917.0,2281496.2947,0,TCTUSDT
1648512000000,0.0215,0.0231,0.02149,0.0222,151890719.0,1648598399999,3398150.20155,17431,73774235.0,1652562.715,0,TCTUSDT
1648598400000,0.02218,0.02354,0.0216,0.02294,143407097.0,1648684799999,3274234.04174,18056,75312499.0,1720924.5314599995,0,TCTUSDT
1648684800000,0.02293,0.02846,0.02232,0.02309,508818978.0,1648771199999,12684131.93458,58765,257680695.0,6461139.84796,0,TCTUSDT
1648771200000,0.02317,0.02478,0.02218,0.02375,138744183.0,1648857599999,3236668.68384,18564,66588597.0,1553832.73635,0,TCTUSDT
1648857600000,0.02373,0.02838,0.02354,0.02444,376679113.0,1648943999999,9656538.067410002,48849,190455273.0,4894758.184169999,0,TCTUSDT
1648944000000,0.02447,0.02663,0.02447,0.0252699999999999,186147135.0,1649030399999,4716897.51332,23831,93316173.0,2366359.63594,0,TCTUSDT
1649030400000,0.02528,0.0257899999999999,0.0237,0.02484,98716546.0,1649116799999,2456043.72216,12313,48637228.0,1211501.80845,0,TCTUSDT
1649116800000,0.02486,0.0257,0.0239,0.02429,77738528.0,1649203199999,1929081.58066,12524,37211397.0,925788.03193,0,TCTUSDT
1649203200000,0.02431,0.02472,0.02145,0.02155,67066231.0,1649289599999,1531497.69099,11358,32121429.0,734802.10978,0,TCTUSDT
1649289600000,0.02155,0.02314,0.0215,0.02245,63124657.0,1649375999999,1415957.5785299998,10188,28738024.0,645251.5168399999,0,TCTUSDT
1649376000000,0.02242,0.025,0.02,0.02025,250804433.0,1649462399999,5527219.03047,32559,116951559.0,2595603.42973,0,TCTUSDT
1649462400000,0.02024,0.02099,0.01992,0.02075,103717487.0,1649548799999,2110333.79887,15251,46191142.0,941347.2553,0,TCTUSDT
1649548800000,0.02074,0.02094,0.01911,0.0191199999999999,73427754.0,1649635199999,1485198.0613,12149,26411079.0,534521.4811699999,0,TCTUSDT
1649635200000,0.0191199999999999,0.01934,0.01684,0.01688,86690645.0,1649721599999,1558515.13832,15106,36457935.0,656215.61312,0,TCTUSDT
1649721600000,0.01688,0.01817,0.01651,0.01763,62897223.0,1649807999999,1089853.66609,7753,28613489.0,496188.63342,0,TCTUSDT
1649808000000,0.01763,0.02058,0.01735,0.0181199999999999,160973139.0,1649894399999,3027204.48859,17754,80131378.0,1512308.34085,0,TCTUSDT
1649894400000,0.0181199999999999,0.01877,0.01745,0.01759,49417278.0,1649980799999,894957.7412299999,6001,23585811.0,428210.36118,0,TCTUSDT
1649980800000,0.01758,0.01875,0.01757,0.0182699999999999,42337955.0,1650067199999,767911.21604,5375,19315569.0,350341.55827,0,TCTUSDT
1650067200000,0.0182699999999999,0.01905,0.01803,0.0186,42463500.0,1650153599999,784687.15499,5760,21107192.0,390285.14736,0,TCTUSDT
1650153600000,0.01863,0.0189,0.0176,0.01766,29624495.0,1650239999999,543674.89925,4054,12521991.0,230184.3196,0,TCTUSDT
1650240000000,0.01766,0.0205,0.01681,0.01978,224301480.0,1650326399999,4309686.86655,25711,113876774.0,2187898.06615,0,TCTUSDT
1650326400000,0.01978,0.04565,0.019,0.02906,3890204758.0,1650412799999,118101740.04279,416861,1956549884.0,59366322.52065,0,TCTUSDT
1650412800000,0.02907,0.0303699999999999,0.02365,0.02481,2694898589.0,1650499199999,72731679.52403,316073,1312071209.0,35474264.77758,0,TCTUSDT
1650499200000,0.02479,0.02545,0.02205,0.0226099999999999,578111807.0,1650585599999,14010634.548129998,65434,261954838.0,6357353.04861,0,TCTUSDT
1650585600000,0.0226199999999999,0.02628,0.02209,0.02309,653528705.0,1650671999999,15714825.0939,75030,313527080.0,7551048.15334,0,TCTUSDT
1650672000000,0.0231,0.02455,0.02216,0.02267,396199251.0,1650758399999,9162124.29773,44427,194611677.0,4507511.25716,0,TCTUSDT
1650758400000,0.02266,0.02289,0.02153,0.02172,144453150.0,1650844799999,3215680.66175,17136,66787849.0,1487759.97284,0,TCTUSDT
1650844800000,0.02171,0.02175,0.02,0.02132,174344863.0,1650931199999,3650368.79918,20982,84719644.0,1775146.62764,0,TCTUSDT
1650931200000,0.02129,0.02196,0.0192199999999999,0.01945,120874960.0,1651017599999,2495994.5652400004,14464,55771031.0,1152660.5169799998,0,TCTUSDT
1651017600000,0.01943,0.0209199999999999,0.01908,0.01993,127722558.0,1651103999999,2545655.07902,14923,61237116.0,1221908.46123,0,TCTUSDT
1651104000000,0.01992,0.02111,0.01951,0.01991,186001120.0,1651190399999,3760980.38639,20769,86415149.0,1749778.8087,0,TCTUSDT
1651190400000,0.01992,0.02009,0.0183599999999999,0.01855,100306647.0,1651276799999,1936583.20916,11223,46848427.0,904626.8821,0,TCTUSDT
1651276800000,0.01854,0.02304,0.01755,0.01782,584664266.0,1651363199999,11978669.04977,63875,286312171.0,5888896.08829,0,TCTUSDT
1651363200000,0.01779,0.01863,0.0172699999999999,0.01816,155712127.0,1651449599999,2810246.5346,13420,73874321.0,1333433.08062,0,TCTUSDT
1651449600000,0.01817,0.0218,0.01808,0.02016,716903948.0,1651535999999,14447298.84697,66574,351137382.0,7083367.25227,0,TCTUSDT
1651536000000,0.02019,0.0206,0.01842,0.01866,141782555.0,1651622399999,2749125.60711,13004,63595586.0,1234126.40959,0,TCTUSDT
1651622400000,0.01866,0.0204,0.0186199999999999,0.01983,160123415.0,1651708799999,3113330.99104,15083,80075040.0,1559703.44274,0,TCTUSDT
1651708800000,0.01984,0.02036,0.01735,0.01792,118963928.0,1651795199999,2240525.53151,11371,54671089.0,1030517.33592,0,TCTUSDT
1651795200000,0.01792,0.01797,0.01656,0.01702,120119055.0,1651881599999,2068968.37494,8872,59622667.0,1027313.5313,0,TCTUSDT
1651881600000,0.01702,0.018,0.01641,0.01673,83569637.0,1651967999999,1437575.78428,7127,40511346.0,697759.97129,0,TCTUSDT
1651968000000,0.01674,0.01838,0.01612,0.0165699999999999,227292113.0,1652054399999,3925148.5342,18866,113424391.0,1963091.7885,0,TCTUSDT
1652054400000,0.01656,0.01721,0.01449,0.01449,178026294.0,1652140799999,2871925.4207200003,12728,85916534.0,1390317.37015,0,TCTUSDT
1652140800000,0.01445,0.0159,0.01402,0.0145,117081552.0,1652227199999,1756800.4578900002,7666,59566543.0,896263.7391799999,0,TCTUSDT
1652227200000,0.0144699999999999,0.0147699999999999,0.00716,0.00797,324436071.0,1652313599999,3476029.1192010003,16720,157294702.0,1675079.7018799998,0,TCTUSDT
1652313600000,0.00798,0.00893,0.00573,0.00697,363182501.0,1652399999999,2563407.813198,16847,185780342.0,1315704.27397,0,TCTUSDT
1652400000000,0.00697,0.00955,0.00688,0.00774,322989600.0,1652486399999,2784156.77053,11934,170031853.0,1466499.41115,0,TCTUSDT
1652486400000,0.0077599999999999,0.00836,0.00698,0.00825,157217377.0,1652572799999,1216041.7691799998,7449,80081490.0,619130.53568,0,TCTUSDT
1652572800000,0.00822,0.0104,0.0077599999999999,0.00914,360569519.0,1652659199999,3207280.52262,12467,176339091.0,1566818.90002,0,TCTUSDT
1652659200000,0.00916,0.0091799999999999,0.00797,0.0085799999999999,156118312.0,1652745599999,1323545.3525,6071,74038150.0,629828.86453,0,TCTUSDT
1652745600000,0.00861,0.01081,0.0086,0.01032,395682371.0,1652831999999,3890910.76747,17639,194729937.0,1919809.63281,0,TCTUSDT
1652832000000,0.0103,0.01039,0.00857,0.00867,188549826.0,1652918399999,1740241.90587,7851,87402295.0,808569.8396,0,TCTUSDT
1652918400000,0.00874,0.01172,0.00821,0.0104099999999999,397064268.0,1653004799999,4014797.71432,17017,199141052.0,2018763.82817,0,TCTUSDT
1653004800000,0.0104,0.01066,0.00923,0.00955,202147466.0,1653091199999,1995605.47135,7226,96745695.0,956769.25332,0,TCTUSDT
1653091200000,0.00954,0.0103,0.00926,0.00999,105884411.0,1653177599999,1046421.50299,4608,52109703.0,516066.14095,0,TCTUSDT
1653177600000,0.00998,0.011,0.00964,0.01068,149184890.0,1653263999999,1547583.25084,6526,74991435.0,779316.9691100001,0,TCTUSDT
1653264000000,0.01068,0.0125,0.0103,0.01055,305769747.0,1653350399999,3407258.84728,15317,146334056.0,1633502.04199,0,TCTUSDT
1653350400000,0.0106,0.01109,0.01,0.01093,123761516.0,1653436799999,1312049.45386,5965,56477176.0,599768.40345,0,TCTUSDT
1653436800000,0.01092,0.01243,0.01073,0.01135,371053771.0,1653523199999,4303450.03425,15795,177041915.0,2055238.696,0,TCTUSDT
1653523200000,0.01139,0.0117,0.0096,0.01023,245853039.0,1653609599999,2653013.3160900003,8688,111557281.0,1204518.49717,0,TCTUSDT
1653609600000,0.01023,0.01045,0.0093,0.00952,195022889.0,1653695999999,1937068.86445,5806,94341816.0,936785.39126,0,TCTUSDT
1653696000000,0.0095,0.0102099999999999,0.00939,0.01006,98818138.0,1653782399999,966566.22053,3719,48111233.0,471286.36931,0,TCTUSDT
1653782400000,0.01004,0.011,0.00996,0.0107,91863567.0,1653868799999,959283.43076,4702,40977796.0,428425.02598,0,TCTUSDT
1653868800000,0.01069,0.0114799999999999,0.01056,0.01124,123197730.0,1653955199999,1362597.49956,5397,61247519.0,678034.0195,0,TCTUSDT
1653955200000,0.01127,0.01138,0.01025,0.01069,117867240.0,1654041599999,1271743.62224,4739,52889274.0,571162.26171,0,TCTUSDT
1654041600000,0.01073,0.0109,0.00987,0.0099,93991570.0,1654127999999,981392.55762,4607,41463027.0,434292.37632,0,TCTUSDT
1654128000000,0.0099,0.01035,0.0097,0.01024,65273869.0,1654214399999,654316.45922,2890,32846093.0,328984.5034,0,TCTUSDT
1654214400000,0.01022,0.01051,0.00974,0.01027,96838406.0,1654300799999,982603.08571,4108,50873776.0,516841.07696,0,TCTUSDT
1654300800000,0.01029,0.01053,0.00988,0.01023,58159577.0,1654387199999,590273.41206,2925,26145330.0,265470.04235,0,TCTUSDT
1654387200000,0.01024,0.01129,0.00995,0.01034,107864621.0,1654473599999,1134622.39083,5434,52563762.0,554483.7360899999,0,TCTUSDT
1654473600000,0.0103299999999999,0.0112,0.01031,0.01061,99274472.0,1654559999999,1068337.93142,4929,45806702.0,493908.36109,0,TCTUSDT
1654560000000,0.01061,0.01142,0.00982,0.01108,124053137.0,1654646399999,1313941.7483700002,6207,60513850.0,642915.38703,0,TCTUSDT
1654646400000,0.0110599999999999,0.01154,0.0105,0.01056,178646746.0,1654732799999,1962460.45402,6685,83378126.0,916377.1858,0,TCTUSDT
1654732800000,0.01056,0.01388,0.01032,0.01147,768288875.0,1654819199999,9087933.52396,33549,388955399.0,4592685.517419999,0,TCTUSDT
1654819200000,0.01147,0.01172,0.0105,0.01054,129613799.0,1654905599999,1430808.2434200002,6256,59004915.0,653623.9077,0,TCTUSDT
1654905600000,0.01054,0.01108,0.00965,0.00977,85071558.0,1654991999999,872591.3177100001,4554,38860677.0,400935.76521,0,TCTUSDT
1654992000000,0.00976,0.00992,0.00868,0.00872,95660924.0,1655078399999,889309.10448,4530,48028446.0,448176.04407,0,TCTUSDT
1655078400000,0.0087,0.00892,0.00792,0.00819,170631795.0,1655164799999,1416546.36765,6377,80116871.0,665663.63746,0,TCTUSDT
1655164800000,0.0082,0.01037,0.00783,0.00943,460599919.0,1655251199999,4335084.93616,18817,232747483.0,2202258.94583,0,TCTUSDT
1655251200000,0.00943,0.00949,0.00802,0.00923,226367695.0,1655337599999,1942290.44165,8404,109959918.0,944011.54076,0,TCTUSDT
1655337600000,0.00924,0.00948,0.00809,0.00822,127910327.0,1655423999999,1117168.2477,4867,58044917.0,507798.84258,0,TCTUSDT
1655424000000,0.00822,0.00867,0.00807,0.00817,121806236.0,1655510399999,1012708.94053,3490,59893764.0,497431.32285,0,TCTUSDT
1655510400000,0.00817,0.00832,0.00733,0.00772,276328414.0,1655596799999,2141551.0032900004,6065,112908927.0,879193.3938399999,0,TCTUSDT
1655596800000,0.00773,0.0089,0.00749,0.00849,440040490.0,1655683199999,3628170.44428,13655,233776409.0,1924860.23248,0,TCTUSDT
1655683200000,0.00849,0.0087,0.008,0.00856,163874809.0,1655769599999,1373431.31817,5287,77750572.0,651951.21858,0,TCTUSDT
1655769600000,0.00854,0.00895,0.00834,0.00857,120679079.0,1655855999999,1047729.68107,4374,62650527.0,544642.04983,0,TCTUSDT
1655856000000,0.00856,0.00861,0.008,0.00814,93278316.0,1655942399999,775740.14895,3758,45137533.0,375954.5090800001,0,TCTUSDT
1655942400000,0.0081599999999999,0.0095,0.00809,0.00902,278963154.0,1656028799999,2486723.24659,8902,143848431.0,1284282.60846,0,TCTUSDT
1656028800000,0.00902,0.01024,0.00892,0.00976,270585665.0,1656115199999,2595550.62753,10538,133109770.0,1275825.15957,0,TCTUSDT
1656115200000,0.00974,0.0127,0.00926,0.00996,693626174.0,1656201599999,7504774.73092,27577,343694851.0,3724206.64201,0,TCTUSDT
1656201600000,0.00992,0.0101,0.0091799999999999,0.0091799999999999,135918735.0,1656287999999,1331749.59372,6829,68346632.0,669633.98012,0,TCTUSDT
1656288000000,0.0092,0.0099099999999999,0.009,0.00915,108758799.0,1656374399999,1018773.85944,4415,48828451.0,457780.82046,0,TCTUSDT
1656374400000,0.0091,0.00948,0.00878,0.00897,62531376.0,1656460799999,568209.80939,2883,31123633.0,283193.78913,0,TCTUSDT
1656460800000,0.00895,0.00995,0.00875,0.00885,178672913.0,1656547199999,1650798.68455,8268,84720562.0,785091.93198,0,TCTUSDT
1656547200000,0.00885,0.00896,0.00824,0.00877,69495179.0,1656633599999,592245.66806,2933,35969568.0,307115.18175,0,TCTUSDT
1656633600000,0.00872,0.0092,0.00851,0.00866,113719546.0,1656719999999,1005377.45809,3733,53647591.0,475165.19505,0,TCTUSDT
1656720000000,0.00868,0.00907,0.00856,0.00891,59977243.0,1656806399999,525104.92787,2703,30012153.0,262752.96464,0,TCTUSDT
1656806400000,0.00892,0.00934,0.00869,0.00909,113411772.0,1656892799999,1027016.05959,4769,54010861.0,489595.80309,0,TCTUSDT
1656892800000,0.00908,0.00926,0.00887,0.00921,67496932.0,1656979199999,613433.9078,2332,34856251.0,317155.61606,0,TCTUSDT
1656979200000,0.00921,0.00927,0.0087,0.00903,47966705.0,1657065599999,431946.59454,1904,22271673.0,200689.86342,0,TCTUSDT
1657065600000,0.0090099999999999,0.01077,0.00831,0.00995,472128861.0,1657151999999,4676795.755369999,18467,223790267.0,2224156.00273,0,TCTUSDT
1657152000000,0.00995,0.0117,0.00985,0.01051,545150442.0,1657238399999,5801430.77984,20441,267832182.0,2857227.60386,0,TCTUSDT
1657238400000,0.01051,0.0112,0.0101,0.01063,250292126.0,1657324799999,2644468.08221,7937,117711103.0,1245326.0161700002,0,TCTUSDT
1657324800000,0.01065,0.01113,0.01048,0.01053,128293274.0,1657411199999,1378638.28,4904,62819326.0,675542.98865,0,TCTUSDT
1657411200000,0.01053,0.01098,0.00996,0.01062,166928628.0,1657497599999,1746114.0375,6725,80079522.0,837292.24591,0,TCTUSDT
1657497600000,0.01062,0.0107,0.00971,0.00977,112337144.0,1657583999999,1143490.85939,4596,51163019.0,521019.92418,0,TCTUSDT
1657584000000,0.0098,0.01001,0.00917,0.0092,67478883.0,1657670399999,651558.62992,2837,29173220.0,281466.76476,0,TCTUSDT
1657670400000,0.0092,0.01176,0.00903,0.0106,426066371.0,1657756799999,4419631.250630001,19764,213088848.0,2214950.0678,0,TCTUSDT
1657756800000,0.0106,0.0122,0.0100299999999999,0.01092,603656079.0,1657843199999,6629307.18136,29548,297000091.0,3268089.2318,0,TCTUSDT
1657843200000,0.01092,0.01185,0.01067,0.01078,185695089.0,1657929599999,2059676.82401,8697,88667078.0,985537.16172,0,TCTUSDT
1657929600000,0.01078,0.0131,0.01073,0.0118599999999999,477693784.0,1658015999999,5780418.123790001,22905,232538117.0,2819537.84647,0,TCTUSDT
1658016000000,0.0119,0.0144,0.0115599999999999,0.0135699999999999,981357956.0,1658102399999,12976635.83686,50635,488820087.0,6472605.7447,0,TCTUSDT
1658102400000,0.0135699999999999,0.01545,0.01252,0.01303,687706773.0,1658188799999,9597869.79479,42451,350830301.0,4913978.363580001,0,TCTUSDT
1658188800000,0.01303,0.0132,0.01234,0.01239,145113922.0,1658275199999,1844534.77595,8525,68806557.0,876041.6977799999,0,TCTUSDT
1658275200000,0.01239,0.01415,0.0122099999999999,0.01255,303824509.0,1658361599999,4025855.84626,17372,141786185.0,1879901.97117,0,TCTUSDT
1658361600000,0.01258,0.01489,0.01249,0.01347,630955590.0,1658447999999,8741382.54666,40231,317856798.0,4411310.95544,0,TCTUSDT
1658448000000,0.01345,0.01443,0.01334,0.01338,246123024.0,1658534399999,3404563.62491,13489,120038436.0,1665035.97487,0,TCTUSDT
1658534400000,0.01338,0.0142,0.01308,0.0135199999999999,162767228.0,1658620799999,2205059.49419,8824,82217429.0,1116489.94539,0,TCTUSDT
1658620800000,0.01355,0.01395,0.01333,0.01355,55042266.0,1658707199999,749943.98467,4101,25778782.0,351606.75441,0,TCTUSDT
1658707200000,0.01356,0.0136099999999999,0.01181,0.01184,115613774.0,1658793599999,1463386.32356,6979,56062695.0,708930.27596,0,TCTUSDT
1658793600000,0.0118,0.0126299999999999,0.01147,0.01244,143062599.0,1658879999999,1728772.0525,8214,68881946.0,832695.65783,0,TCTUSDT
1658880000000,0.01243,0.01303,0.01196,0.01289,112149364.0,1658966399999,1401679.1955,6607,53232330.0,666781.70824,0,TCTUSDT
1658966400000,0.01289,0.0136699999999999,0.01244,0.01344,107512964.0,1659052799999,1411131.37224,6206,52483979.0,688407.33192,0,TCTUSDT
1659052800000,0.01346,0.0139099999999999,0.01312,0.01356,93250226.0,1659139199999,1264185.2761799998,6036,45990312.0,624100.73199,0,TCTUSDT
1659139200000,0.01356,0.01569,0.0135,0.0148199999999999,355109693.0,1659225599999,5305520.32671,18152,182170543.0,2729363.28308,0,TCTUSDT
1659225600000,0.01484,0.0155,0.01438,0.0144699999999999,107390193.0,1659311999999,1586936.48604,6819,48194291.0,714518.03733,0,TCTUSDT
1659312000000,0.01443,0.01483,0.01426,0.01441,75909994.0,1659398399999,1096772.94113,3887,23007871.0,333577.71902,0,TCTUSDT
1659398400000,0.0144199999999999,0.01513,0.01426,0.01483,163505148.0,1659484799999,2406942.93053,10560,68217198.0,1005858.66247,0,TCTUSDT
1659484800000,0.01484,0.0158,0.01438,0.0145,208275922.0,1659571199999,3202708.89264,10982,111561008.0,1724958.0821200002,0,TCTUSDT
1659571200000,0.0145199999999999,0.01498,0.01393,0.01445,78215319.0,1659657599999,1131480.41797,5755,39832571.0,576660.18998,0,TCTUSDT
1659657600000,0.01444,0.01515,0.01436,0.01478,62847292.0,1659743999999,928675.26562,4399,29723682.0,439735.29473,0,TCTUSDT
1659744000000,0.01481,0.01481,0.01448,0.01455,27767876.0,1659830399999,406717.84857,1927,11994672.0,175798.49323,0,TCTUSDT
1659830400000,0.01455,0.015,0.01436,0.01481,32049125.0,1659916799999,469114.18205,2048,16728351.0,245191.27096,0,TCTUSDT
1659916800000,0.01481,0.01525,0.01456,0.01462,52820247.0,1660003199999,792246.62013,3117,23883893.0,358584.83259,0,TCTUSDT
1660003200000,0.01462,0.0146699999999999,0.01376,0.01404,46218864.0,1660089599999,658721.97442,3068,21127441.0,300912.93149,0,TCTUSDT
1660089600000,0.01402,0.01448,0.01313,0.01439,84892850.0,1660175999999,1173995.44403,7213,40260320.0,555329.10339,0,TCTUSDT
1660176000000,0.0144199999999999,0.01484,0.0136099999999999,0.01373,63094252.0,1660262399999,893151.4911100001,6611,26228928.0,371178.81964,0,TCTUSDT
1660262400000,0.01374,0.01377,0.01317,0.01358,72685331.0,1660348799999,985210.06045,6577,35604733.0,483354.53911,0,TCTUSDT
1660348800000,0.01356,0.01373,0.0133,0.01353,54142966.0,1660435199999,732073.01833,5772,27111221.0,366846.87037,0,TCTUSDT
1660435200000,0.0135699999999999,0.01364,0.01238,0.0126299999999999,88842590.0,1660521599999,1163275.44846,8242,41138745.0,538770.5659,0,TCTUSDT
1660521600000,0.0126299999999999,0.0131,0.0119,0.01232,56925580.0,1660607999999,705806.6528,6676,25219239.0,313391.59966,0,TCTUSDT
1660608000000,0.01232,0.01284,0.0121599999999999,0.01223,50548752.0,1660694399999,632055.53374,5683,22221903.0,277840.46841,0,TCTUSDT
1660694400000,0.01224,0.01255,0.01133,0.0115599999999999,91283626.0,1660780799999,1085823.82685,7702,40900422.0,486069.6262,0,TCTUSDT
1660780800000,0.0115599999999999,0.01211,0.01142,0.01145,55680488.0,1660867199999,658006.08775,5822,26459385.0,313391.62341,0,TCTUSDT
1660867200000,0.01144,0.01144,0.00957,0.00966,104752568.0,1660953599999,1082166.85886,7136,47266027.0,488387.70905,0,TCTUSDT
1660953600000,0.00966,0.01072,0.00966,0.01005,118567389.0,1661039999999,1214769.86815,7270,56486002.0,579579.25125,0,TCTUSDT
1661040000000,0.01005,0.0102,0.00985,0.00997,45886030.0,1661126399999,459968.57049,3691,21898424.0,219742.8444,0,TCTUSDT
1661126400000,0.00997,0.01085,0.00924,0.00998,143965296.0,1661212799999,1444288.88997,7224,75599576.0,759555.71293,0,TCTUSDT
1661212800000,0.01001,0.01098,0.00999,0.01048,168039604.0,1661299199999,1752938.1698900005,8977,85171677.0,889157.96003,0,TCTUSDT
1661299200000,0.01048,0.01085,0.00994,0.01027,128668962.0,1661385599999,1327555.18335,6102,59830968.0,620243.7483600001,0,TCTUSDT
1661385600000,0.01026,0.01064,0.01026,0.0103,45514819.0,1661471999999,474759.63926,2340,19421951.0,202845.66071,0,TCTUSDT
1661472000000,0.01032,0.01134,0.01,0.01008,197429165.0,1661558399999,2090160.6214,9634,100199499.0,1063357.55133,0,TCTUSDT
1661558400000,0.01006,0.01015,0.00937,0.00967,98113103.0,1661644799999,952684.62173,4357,42436825.0,411639.61818,0,TCTUSDT
1661644800000,0.00965,0.00984,0.00919,0.0092,43221499.0,1661731199999,418111.84814,2282,19695171.0,190749.92612,0,TCTUSDT
1661731200000,0.00921,0.00981,0.00916,0.00972,43825459.0,1661817599999,412744.51517,2419,22495178.0,211667.13701,0,TCTUSDT
1661817600000,0.00972,0.00998,0.00921,0.00932,42307678.0,1661903999999,406921.01074,2702,19720341.0,189998.68684,0,TCTUSDT
1661904000000,0.00933,0.00999,0.00933,0.00964,78887015.0,1661990399999,763327.64875,3935,38933299.0,377262.3465,0,TCTUSDT
1661990400000,0.0096099999999999,0.0097,0.00933,0.00963,44711032.0,1662076799999,426190.92196,2293,21421612.0,204466.26734,0,TCTUSDT
1662076800000,0.0096099999999999,0.00989,0.00948,0.0097,45833008.0,1662163199999,444769.86747,1898,23188849.0,225086.12052,0,TCTUSDT
1662163200000,0.0097,0.00975,0.00942,0.00959,20956190.0,1662249599999,200619.96667,1207,9005723.0,86242.40045,0,TCTUSDT
1662249600000,0.00958,0.00975,0.00947,0.0097299999999999,24136396.0,1662335999999,232536.66922,1235,12256639.0,118330.90498,0,TCTUSDT
1662336000000,0.00976,0.00977,0.00939,0.00954,16482061.0,1662422399999,157328.31756,1065,6289648.0,60074.58725,0,TCTUSDT
1662422400000,0.0095599999999999,0.00971,0.00886,0.00889,45874783.0,1662508799999,430486.46363,2334,21946666.0,206049.55613,0,TCTUSDT
1662508800000,0.00889,0.00945,0.00856,0.0093,39055348.0,1662595199999,350114.46386,1817,20532092.0,183602.57856,0,TCTUSDT
1662595200000,0.00932,0.01079,0.00926,0.00992,347452890.0,1662681599999,3503926.5652,13681,190461389.0,1921682.10926,0,TCTUSDT
1662681600000,0.00993,0.01048,0.00992,0.01018,107765142.0,1662767999999,1093349.11502,4876,52163294.0,530394.34363,0,TCTUSDT
1662768000000,0.01019,0.01031,0.00998,0.01019,58627264.0,1662854399999,596009.0763,2610,25647452.0,261303.88102,0,TCTUSDT
1662854400000,0.0102099999999999,0.01121,0.01014,0.01064,131598196.0,1662940799999,1405947.32586,5591,65385685.0,700309.3669,0,TCTUSDT
1662940800000,0.01064,0.0114799999999999,0.0105,0.01094,169013726.0,1663027199999,1849959.4009,7022,83967084.0,919633.27717,0,TCTUSDT
1663027200000,0.01089,0.0114,0.00981,0.00981,125941508.0,1663113599999,1345119.17998,4750,57647639.0,621443.2346399999,0,TCTUSDT
1663113600000,0.00981,0.01013,0.00969,0.00998,63889912.0,1663199999999,632674.1815899999,2727,32648721.0,323571.95241,0,TCTUSDT
1663200000000,0.01,0.0105,0.0089,0.00891,216165327.0,1663286399999,2110706.09303,8255,101849822.0,997971.8124,0,TCTUSDT
1663286400000,0.00891,0.00896,0.00852,0.00854,78091681.0,1663372799999,683693.00748,3382,35307076.0,309216.54963,0,TCTUSDT
1663372800000,0.0085799999999999,0.00886,0.00795,0.00837,147358800.0,1663459199999,1236344.35027,5658,66469132.0,557647.63868,0,TCTUSDT
1663459200000,0.00836,0.00873,0.0073799999999999,0.00745,125721950.0,1663545599999,1030087.08791,4401,58759887.0,482082.2843,0,TCTUSDT
1663545600000,0.00744,0.0079,0.0071099999999999,0.0077599999999999,71792904.0,1663631999999,534173.49137,3255,37148286.0,276305.39287,0,TCTUSDT
1663632000000,0.00774,0.00785,0.00718,0.00725,116858275.0,1663718399999,888927.27209,3709,59417640.0,453680.26212,0,TCTUSDT
1663718400000,0.00724,0.00764,0.00712,0.00715,93610150.0,1663804799999,686306.47023,3073,46995247.0,344397.58208,0,TCTUSDT
1663804800000,0.00716,0.00765,0.00712,0.00748,102503656.0,1663891199999,765234.82961,2918,54441925.0,406912.11442,0,TCTUSDT
1663891200000,0.00748,0.00755,0.0070799999999999,0.00728,47644414.0,1663977599999,346847.68285,2108,21990312.0,159820.6591,0,TCTUSDT
1663977600000,0.00727,0.00745,0.0072,0.0072,30883493.0,1664063999999,226016.49627,1324,14300063.0,104695.89668,0,TCTUSDT
1664064000000,0.0072099999999999,0.0074,0.00707,0.0071099999999999,19448021.0,1664150399999,140909.24655,1027,8819362.0,64027.0362,0,TCTUSDT
1664150400000,0.00709,0.0072299999999999,0.00687,0.00698,47343939.0,1664236799999,332085.37325,2105,22070800.0,154871.37002,0,TCTUSDT
1664236800000,0.00699,0.00732,0.00685,0.0069599999999999,80223115.0,1664323199999,572293.86807,3005,39050293.0,278953.92659,0,TCTUSDT
1664323200000,0.00697,0.00705,0.00657,0.0069099999999999,53302509.0,1664409599999,359305.78867,2358,26249902.0,176776.16175,0,TCTUSDT
1664409600000,0.00692,0.00699,0.00665,0.00675,55014002.0,1664495999999,374339.98261,2280,25262737.0,171628.35239,0,TCTUSDT
1664496000000,0.00675,0.00747,0.00657,0.00694,175155978.0,1664582399999,1237040.29927,6199,91118798.0,644511.9327,0,TCTUSDT
