open_time,open,high,low,close,volume,close_time,quote_asset_volume,number_of_trades,taker_buy_base_asset_volume,taker_buy_quote_asset_volume,ignore
1609459200000,71.995,73.444,65.62,69.693,150322.1,1609545599999,10440583.457157,43247,75323.011,5228639.238427999,0
1609545600000,69.567,73.218,65.05,69.25399999999999,133912.843,1609631999999,9243117.620811,41301,69533.688,4803166.254922,0
1609632000000,69.295,74.109,66.0,72.983,158065.583,1609718399999,11083001.94605,40702,88146.01,6191859.954888,0
1609718400000,72.917,74.467,59.681999999999995,68.505,290026.535,1609804799999,19959800.894762,71944,152981.839,10517090.060312,0
1609804800000,68.533,71.2,61.888999999999996,67.797,153472.22400000002,1609891199999,10271045.28938,44280,78004.201,5209814.828751001,0
1609891200000,67.914,75.98899999999999,65.535,75.325,176235.448,1609977599999,12514624.96871,52391,86157.325,6127560.171212,0
1609977600000,75.545,77.889,65.018,68.947,221152.775,1610063999999,15822097.055232001,61466,109155.897,7837878.690458001,0
1610064000000,68.929,71.73899999999999,64.01,68.78699999999999,113307.79400000001,1610150399999,7725631.910178,34005,53914.369000000006,3690652.4720730004,0
1610150400000,68.78699999999999,70.512,66.0,68.93,79388.849,1610236799999,5435710.494688,22985,38922.297,2667917.353826,0
1610236800000,68.93,74.572,65.5,71.07,167336.71300000002,1610323199999,11676716.01079,41938,84915.424,5943546.767027,0
1610323200000,71.253,71.286,57.876999999999995,64.329,185160.982,1610409599999,12018897.458056,52612,87223.70300000001,5681620.252762999,0
1610409600000,64.331,68.0,61.17100000000001,62.786,95015.085,1610495999999,6147851.275602,30737,48230.345,3121496.991707,0
1610496000000,62.61,78.48899999999999,60.631,76.965,269704.136,1610582399999,19348133.81926,66725,139570.82,10068422.154942999,0
1610582400000,76.898,89.0,76.271,88.685,216429.516,1610668799999,17832661.619992003,61759,116468.234,9599391.522655,0
1610668800000,88.544,89.086,74.08,83.70700000000001,179886.375,1610755199999,14806897.350941,51085,90067.582,7420156.25506,0
1610755200000,83.6,110.711,81.36,102.624,266940.99199999997,1610841599999,24865347.058734,76099,144793.014,13449448.948297,0
1610841600000,102.624,110.0,90.39299999999999,102.55799999999999,219362.69199999998,1610927999999,21836679.824929997,70661,115336.91900000001,11482892.226397,0
1610928000000,102.24700000000001,121.5,101.428,109.09200000000001,298254.261,1611014399999,33664861.443806,97017,166466.777,18793354.804332998,0
1611014400000,109.23,110.705,98.35,101.01899999999999,122130.629,1611100799999,12846381.575942,46668,62792.856,6605876.657615,0
1611100800000,101.023,107.741,89.81200000000001,106.0,154810.858,1611187199999,15263604.164104002,58343,80964.246,7983698.73437,0
1611187200000,106.04799999999999,106.428,92.60799999999999,92.85700000000001,143400.169,1611273599999,14187796.7543,56924,75042.423,7437744.146167999,0
1611273600000,92.792,105.303,85.5,103.91799999999999,140811.875,1611359999999,13671445.054130001,47622,74006.065,7220175.873789,0
1611360000000,103.913,113.0,100.86,107.65299999999999,99576.826,1611446399999,10660623.731443,40433,48110.584,5157101.53379,0
1611446400000,107.65899999999999,112.02799999999999,100.051,103.973,85147.549,1611532799999,9048127.209237,31729,41249.797999999995,4382788.4284769995,0
1611532800000,103.93700000000001,110.0,97.921,98.75200000000001,80890.19900000001,1611619199999,8372869.068067,33448,40927.87,4244270.601828,0
1611619200000,98.82,104.454,93.19,101.999,74637.989,1611705599999,7350775.4665169995,27916,36666.686,3609511.353608,0
1611705600000,101.89399999999999,101.96,90.1,95.302,63714.084,1611791999999,6050605.539646,27126,30826.33,2933318.778547,0
1611792000000,95.32600000000001,117.79,93.65,113.93299999999999,107442.457,1611878399999,11570060.098005999,52621,55231.962,5946572.631709,0
1611878400000,113.954,115.0,101.001,106.64399999999999,79391.414,1611964799999,8467480.697474001,30384,37488.017,3998455.046803,0
1611964800000,106.64200000000001,107.49700000000001,98.926,100.963,54914.111,1612051199999,5624008.810374,19779,24476.24,2508363.5768509996,0
1612051200000,100.802,105.91,95.527,97.71700000000001,61829.427,1612137599999,6232234.828678,27183,30822.297000000002,3107688.704121,0
1612137600000,97.652,101.60799999999999,95.0,100.867,74821.223,1612223999999,7349137.752317,30388,36884.275,3622741.5609910004,0
1612224000000,100.64399999999999,107.7,97.601,104.993,101237.349,1612310399999,10463380.541044999,39002,53388.554000000004,5529384.861385,0
1612310400000,104.764,122.929,104.738,119.124,167528.483,1612396799999,18891287.607049,67522,81785.203,9234257.009883,0
1612396800000,119.02799999999999,124.0,108.31700000000001,115.714,149504.587,1612483199999,17489757.089141,67880,74952.396,8772058.649122,0
1612483200000,115.648,123.265,112.0,121.325,150030.159,1612569599999,17745007.250075,61235,72425.826,8578621.828019,0
1612569600000,121.12299999999999,124.038,110.786,112.85700000000001,100670.315,1612655999999,11634521.117553,42601,40378.327000000005,4684773.321746,0
1612656000000,112.85600000000001,116.0,100.1,115.99799999999999,106419.791,1612742399999,11601001.78863,48277,54181.764,5912619.905776001,0
1612742400000,115.882,136.851,111.5,132.947,154560.053,1612828799999,19227011.280602,68923,84703.02,10557841.468266001,0
1612828800000,133.203,138.654,126.15,130.88,115984.293,1612915199999,15229572.444429,49562,59296.420999999995,7798417.325436,0
1612915200000,130.88,137.377,120.0,129.437,101354.511,1613001599999,13189131.941203,50332,51093.073,6650076.307763,0
1613001600000,129.142,147.0,126.365,142.343,124708.54400000001,1613087999999,17493611.679204002,48537,69377.481,9719934.308566,0
1613088000000,142.34799999999998,161.33,137.58,154.283,91531.849,1613174399999,13918741.167635998,46656,49776.808,7606896.7046880005,0
1613174400000,154.295,169.578,152.78,161.511,125289.231,1613260799999,20241584.489551,55838,68046.55099999999,11008816.68011,0
1613260800000,161.446,163.0,146.237,157.63,87246.103,1613347199999,13637253.594283,39418,45298.956,7096904.873515,0
1613347200000,157.501,226.0,135.0,189.997,528795.8520000001,1613433599999,102293468.680078,200885,273689.17100000003,53205612.215778,0
1613433600000,189.97299999999998,228.0,183.385,209.36,314867.453,1613519999999,65366194.166581005,153399,160557.80599999998,33388534.399621002,0
1613520000000,209.313,243.0,194.15,240.44099999999997,217640.285,1613606399999,47715150.040373,123198,114277.351,25152502.007719,0
1613606400000,240.4,240.98,213.77700000000002,222.78599999999997,114638.396,1613692799999,26071179.008214,68291,56465.185,12874158.293773,0
1613692800000,222.90599999999998,242.0,200.0,223.886,177079.461,1613779199999,39664790.5423,98392,84727.60800000001,19017223.596679002,0
1613779200000,224.158,248.0,208.0,221.668,204000.57,1613865599999,47251288.277893,109373,97763.353,22695763.059181,0
1613865600000,221.68,237.361,215.9,223.637,67474.62400000001,1613951999999,15223437.242076999,40560,32560.211,7344663.135397,0
1613952000000,224.097,299.88,192.0,271.015,471016.653,1614038399999,118787170.566832,241341,250950.676,63526315.226241,0
1614038400000,271.118,289.939,208.47,241.0,432862.03,1614124799999,108277365.622729,241347,216374.932,54098251.848765,0
1614124800000,241.0,269.76,224.351,242.605,181285.198,1614211199999,45182808.997596,102807,88714.685,22069312.409088,0
1614211200000,242.532,258.28,221.19799999999998,224.99099999999999,123737.19,1614297599999,29730336.361516,74298,58375.276,14056752.580868,0
1614297600000,224.388,231.0,198.82299999999998,215.97400000000002,149982.565,1614383999999,32207313.052279998,73386,76456.82,16422188.021482,0
1614384000000,216.391,238.998,215.63,229.668,87214.17300000001,1614470399999,19998400.865988,53254,44343.113,10173942.359997999,0
1614470400000,229.668,235.0,195.0,212.588,137421.705,1614556799999,28542114.855336,68096,68258.75099999999,14136651.164254,0
1614556800000,212.582,231.0,208.97799999999998,227.808,90555.944,1614643199999,19899147.550936,48951,46758.557,10293404.159669999,0
1614643200000,227.808,245.731,218.602,240.955,97171.588,1614729599999,22423936.024813,56069,50333.265999999996,11619122.406811,0
1614729600000,240.761,259.236,238.188,244.235,93072.78300000001,1614815999999,23083566.300519,54291,47754.426,11843458.809398,0
1614816000000,244.196,254.658,230.88299999999998,234.34799999999998,94911.47300000001,1614902399999,23046176.374629002,44321,41489.757000000005,10082197.809878,0
1614902400000,234.34599999999998,234.66,211.71099999999998,228.457,91899.80699999999,1614988799999,20337694.498348,45953,48451.77099999999,10733904.560263,0
1614988800000,227.852,237.0,216.0,229.25900000000001,53895.852999999996,1615075199999,12121853.935102,26629,28267.995,6367123.007093,0
1615075200000,229.305,240.0,225.419,233.49099999999999,44605.435,1615161599999,10347473.848305,26484,23509.479,5460198.39108,0
1615161600000,233.82299999999998,244.17,223.0,244.169,65058.77099999999,1615247999999,15113610.231567001,37721,32884.762,7640686.104166,0
1615248000000,244.178,296.968,238.67,290.16700000000003,143385.77800000002,1615334399999,38372809.254903995,89534,71591.823,19217748.91951,0
1615334400000,289.48400000000004,318.22700000000003,267.101,303.23400000000004,184565.122,1615420799999,55136872.465186,120928,93408.22300000001,27908949.997305,0
1615420800000,303.941,344.708,278.0,329.899,124933.68400000001,1615507199999,38776619.373142,91792,63942.642,19832263.368318,0
1615507200000,330.03,336.0,300.834,314.442,94315.755,1615593599999,30067729.795187,74109,46357.429000000004,14784465.634269001,0
1615593600000,314.056,323.746,301.55,313.548,77947.448,1615679999999,24583560.268263,51005,37447.502,11806833.356846001,0
1615680000000,313.548,321.5,300.002,300.488,59516.585999999996,1615766399999,18429616.230078,39146,31093.304,9637706.697513001,0
1615766400000,300.664,324.934,277.532,310.238,112315.638,1615852799999,34083224.449639,67873,58501.023,17774050.313033998,0
1615852800000,310.934,334.30300000000005,291.1,318.249,103231.68199999999,1615939199999,32286484.152126,70062,54229.057,16915756.569353,0
1615939200000,318.756,348.77099999999996,310.0,345.17,77052.259,1616025599999,25040182.163193,54550,40795.498,13269212.931413,0
1616025600000,345.186,390.0,342.49,367.37300000000005,163675.72400000002,1616111999999,60283815.63171899,116243,89732.661,33060368.870185,0
1616112000000,367.474,423.04,355.225,384.042,132474.426,1616198399999,52621852.259403996,100805,68064.305,27063670.855283998,0
1616198400000,383.686,411.33,376.57800000000003,389.37800000000004,73855.148,1616284799999,29240861.347934004,57070,40504.397000000004,16037192.155716,0
1616284800000,389.03,416.26300000000003,382.0,399.495,82419.505,1616371199999,33072948.006739,62286,41358.905,16599163.63174,0
1616371200000,398.88300000000004,460.539,397.36300000000006,437.48,129544.653,1616457599999,56616880.859761,111192,69534.765,30414546.689596,0
1616457600000,437.47900000000004,454.60900000000004,414.991,421.465,101319.99900000001,1616543999999,43992935.721243,75709,52239.555,22720666.236151002,0
1616544000000,422.249,490.0,416.0,422.48900000000003,152181.386,1616630399999,69043336.604749,115270,76802.008,34963094.140184,0
1616630400000,422.48900000000003,437.17800000000005,370.0,410.45099999999996,213293.157,1616716799999,85738157.34596701,147194,107754.085,43246007.145852,0
1616716800000,410.67699999999996,455.0,404.096,454.792,101808.273,1616803199999,43386971.511201,79594,53026.373,22640131.242093,0
1616803200000,454.792,505.335,447.369,468.755,173783.461,1616889599999,83620089.33214599,139539,88582.694,42704695.226225,0
1616889600000,468.39599999999996,520.0,467.781,511.004,115034.556,1616975999999,56369122.073721,105169,63035.329000000005,30906950.861371003,0
1616976000000,511.167,567.32,506.35900000000004,546.901,164387.699,1617062399999,89360734.747511,143641,92021.981,50103992.528026,0
1617062400000,546.901,558.97,516.111,539.59,86939.386,1617148799999,46773270.28044099,87604,42930.852999999996,23097810.432173003,0
1617148800000,539.216,560.0,474.58,495.49699999999996,142728.77,1617235199999,73030595.30673599,146675,66218.758,33997646.36513,0
1617235200000,495.49,507.43199999999996,449.24,463.01099999999997,198397.837,1617321599999,94185156.785232,186698,100394.59,47712411.828427,0
1617321600000,462.98,465.024,418.971,448.89300000000003,198129.74800000002,1617407999999,87443560.359394,160339,101087.235,44598636.196687,0
1617408000000,448.86,498.135,422.41,439.601,185836.482,1617494399999,86010491.208885,142780,92495.776,42822171.628287,0
1617494400000,439.601,455.75300000000004,428.976,444.759,78118.287,1617580799999,34811815.83886,66145,38616.267,17225785.007975,0
1617580800000,444.464,478.6,426.41900000000004,461.414,112536.00099999999,1617667199999,50388632.682936,88519,53741.992999999995,24077791.350839,0
1617667200000,461.751,470.0,430.09,440.61699999999996,127083.25,1617753599999,57060901.20365799,96566,66843.288,30017698.553687,0
1617753600000,440.001,472.0,378.82300000000004,427.22900000000004,165937.301,1617839999999,71549041.950232,132347,83517.979,36053453.855863,0
1617840000000,427.361,468.0,423.267,460.825,94267.284,1617926399999,42419423.213724,80541,46067.99,20739349.460483998,0
1617926400000,460.6,467.23900000000003,442.07,451.777,59245.749,1618012799999,26830887.974429,47044,26276.724,11903383.108594,0
1618012800000,451.80400000000003,461.9,441.22,448.4,55281.018,1618099199999,24866991.540321,46248,27878.846,12540461.614813,0
1618099200000,448.399,450.61199999999997,432.659,438.227,42880.975999999995,1618185599999,18884856.374691002,31821,18607.273,8195578.198853,0
1618185600000,438.227,440.009,408.92699999999996,422.168,87769.701,1618271999999,37392705.493105,67183,37525.4,15985715.385979,0
1618272000000,422.407,438.58,411.62,431.881,68152.305,1618358399999,28940417.733172998,53692,34968.715,14860588.878182001,0
1618358400000,431.881,480.0,420.461,455.125,164590.77300000002,1618444799999,74664154.05391501,148050,84613.088,38437306.499634005,0
1618444800000,455.603,485.542,452.20599999999996,475.889,100062.336,1618531199999,46989384.202318,85533,50531.087999999996,23757618.684416,0
1618531200000,477.06,481.659,423.19300000000004,446.539,100628.575,1618617599999,45199111.78452,75805,46093.246,20705416.559699,0
1618617600000,446.76099999999997,483.995,445.186,456.316,94141.27699999999,1618703999999,43695937.781758,86316,45747.723,21238187.499354,0
1618704000000,456.55800000000005,474.85400000000004,371.952,405.80300000000005,165717.812,1618790399999,66903602.17527901,114982,77190.166,31136968.788157,0
1618790400000,406.046,423.70300000000003,360.00199999999995,368.092,113075.633,1618876799999,43961553.896028996,85328,53865.994000000006,20955601.559339,0
1618876800000,368.36300000000006,385.0,315.0,383.63300000000004,180430.432,1618963199999,62597081.808181,111675,88504.666,30745305.248448998,0
1618963200000,383.031,385.0,336.0,349.42900000000003,92118.45,1619049599999,33341933.193885,69720,43965.007000000005,15939177.049511999,0
1619049600000,349.05300000000005,388.588,339.0,347.935,113071.511,1619135999999,40856914.962158,83678,58476.437999999995,21144963.033385,0
1619136000000,347.501,359.894,282.0,336.7,178987.703,1619222399999,56777021.30975,120999,87896.96699999999,27970938.280396998,0
1619222400000,336.721,337.2,297.48400000000004,303.316,70030.909,1619308799999,21932919.396815,45611,34728.345,10879754.220202,0
1619308800000,303.316,332.71,299.921,318.23,61141.8103,1619395199999,19239700.268649,40324,30289.7666,9547141.861189,0
1619395200000,318.23,400.0,314.96,395.41,110090.31,1619481599999,40421304.0130165,89856,60406.9578,22204897.983891502,0
1619481600000,395.37,419.85,381.26,397.09,93718.7297,1619567999999,37291451.739921,83826,48066.8919,19140015.019833,0
1619568000000,397.18,407.43,364.49,393.85,71482.6994,1619654399999,27924745.818769,69326,35561.2872,13887909.929791,0
1619654400000,393.6,397.75,367.56,387.07,63402.9093,1619740799999,24386940.020818,52683,32578.58,12542567.423748,0
1619740800000,386.71,415.0,378.1,406.11,66514.3183,1619827199999,26363900.049497,58107,33908.7982,13459435.582125,0
1619827200000,406.68,428.01,402.49,421.52,59238.4719,1619913599999,24599264.076513,55950,30517.2354,12680922.09625,0
1619913600000,421.69,442.0,398.79,413.75,82262.3548,1619999999999,34629032.167941995,77289,40810.7083,17202892.923015,0
1620000000000,413.67,432.7,408.77,424.24,68031.8058,1620086399999,28655149.952315003,57097,32890.0672,13854851.806756,0
1620086400000,424.23,439.2,381.64,389.49,113617.8733,1620172799999,46577014.872122,89612,55464.4017,22768095.220886,0
1620172800000,389.03,431.38,385.75,428.5,55544.795,1620259199999,22882512.99321,54542,28441.6666,11736857.846946001,0
1620259200000,428.49,454.0,412.2,446.76,115326.6775,1620345599999,49695854.787303,94822,63402.6969,27410021.048548,0
1620345600000,446.85,458.26,422.34,431.0,85632.757,1620431999999,37521282.992601,77605,41549.8114,18224497.540376,0
1620432000000,431.17,476.0,426.01,433.45,73571.2406,1620518399999,32887332.877088,73755,37871.9046,16956499.251899,0
1620518400000,434.19,458.64,425.0,450.58,60224.7391,1620604799999,26868224.580807,64779,29031.6757,12950178.062247999,0
1620604800000,451.01,459.88,378.65,408.03,95534.5032,1620691199999,40985776.57979,75568,47590.9409,20451988.521284,0
1620691200000,408.73,440.64,388.7,440.58,74915.0181,1620777599999,30888681.479465004,58269,36932.6359,15246544.337925,0
1620777600000,439.86,535.0,434.34,465.37,316605.8418,1620863999999,154084745.355718,261211,166814.0009,81316077.59389499,0
1620864000000,461.27,588.88,429.5,527.91,606937.4326,1620950399999,322360032.015225,524566,297121.1624,158013477.613591,0
1620950400000,528.34,597.93,504.16,597.33,274399.7824,1621036799999,150134282.857617,238730,148326.2041,81237536.02997701,0
1621036800000,597.36,620.0,535.52,545.27,232573.633,1621123199999,134630175.52194098,221891,116362.9831,67390864.986661,0
1621123200000,546.22,609.0,494.56,541.47,208217.9279,1621209599999,115696819.883676,180300,102572.3656,56989504.769277,0
1621209600000,541.22,607.48,480.0,571.7,331691.1097,1621295999999,185028442.490675,288301,161092.8036,90003292.557859,0
1621296000000,572.01,625.0,560.0,592.29,251267.9178,1621382399999,149839262.51252,216437,127378.5009,76056545.803407,0
1621382400000,592.54,620.0,158.75,337.65,599302.7948,1621468799999,264113162.221384,478239,282753.9005,126165696.254929,0
1621468800000,337.0,449.94,284.0,388.34,499833.9261,1621555199999,188745587.293433,395569,245249.0938,93001510.286536,0
1621555200000,388.71,438.83,264.22,337.39,485653.3769,1621641599999,171635800.13223502,349551,241629.6408,85531137.942112,0
1621641600000,337.39,353.99,282.11,314.73,223527.2051,1621727999999,71688420.111604,163849,113924.3905,36597054.34367,0
1621728000000,314.41,337.08,201.0,260.84,445993.1836,1621814399999,115462007.73717901,252297,208526.3533,54258184.144515,0
1621814400000,260.61,349.0,251.78,348.66,341663.4524,1621900799999,103827462.480685,199304,171347.9077,52148623.238206,0
1621900800000,348.9,372.98,281.56,322.21,358158.9582,1621987199999,114755736.113647,229631,174095.2623,55833878.981809,0
1621987200000,321.69,361.0,309.78,343.15,246156.1736,1622073599999,81944081.37417099,156329,121404.3807,40468940.397583,0
1622073600000,343.0,343.82,300.88,315.86,178239.1281,1622159999999,57020574.246377,112822,91106.6745,29185007.132640004,0
1622160000000,316.14,343.45,270.5,289.37,248336.3541,1622246399999,74302866.35999,161988,121266.075,36224756.574654,0
1622246400000,289.38,302.18,258.0,296.5,141378.9673,1622332799999,39369288.921624,89885,70723.0497,19701690.06091,0
1622332800000,296.17,320.75,274.01,309.12,170760.8813,1622419199999,50799596.490796,103962,86616.6123,25793005.156735998,0
1622419200000,308.87,379.87,289.69,371.0,200917.0332,1622505599999,65464552.720611,128505,100002.1128,32589546.595661998,0
1622505600000,371.09,377.21,347.14,367.28,191397.2526,1622591999999,69432595.631052,138781,94364.5918,34243886.425572,0
1622592000000,367.69,477.0,361.12,446.53,301115.4742,1622678399999,126967300.577105,235832,151809.3054,64042067.147341006,0
1622678400000,446.63,487.77,445.09,463.53,244496.9703,1622764799999,113921934.48267199,208488,122497.3723,57147892.016632,0
1622764800000,463.72,464.13,380.2,419.04,389381.4118,1622851199999,161839990.46533898,292242,192923.7989,80213657.353882,0
1622851200000,418.06,454.19,383.01,401.98,221195.3215,1622937599999,92881860.226257,169444,107576.3201,45178180.017813,0
1622937600000,402.6,423.18,395.88,422.47,91559.7002,1623023999999,37249488.407587,73330,46734.4216,19039438.228460997,0
1623024000000,422.59,446.59,367.41,378.28,205872.2521,1623110399999,85623470.91289,153206,96608.0388,40286803.946448,0
1623110400000,378.6,420.0,342.35,411.21,488366.8403,1623196799999,188170546.772204,347368,242058.5967,93510920.42445,0
1623196800000,411.78,518.57,388.16,510.21,468573.6674,1623283199999,209350818.3753,411734,237085.4674,106094622.07926899,0
1623283200000,510.47,537.0,458.0,474.3,516906.3676,1623369599999,257343557.068631,403064,249712.21,124475971.86334799,0
1623369600000,474.42,493.62,404.32,415.93,312402.8211,1623455999999,141243731.843284,227194,146281.3956,66421042.530016005,0
1623456000000,415.65,428.34,383.34,399.56,287034.7876,1623542399999,116099047.336436,215064,139719.1142,56576046.551938,0
1623542400000,399.58,449.62,385.28,434.1,208172.8375,1623628799999,86536435.676858,175080,104564.1664,43440948.800462,0
1623628800000,434.09,439.6,398.0,427.0,245270.4629,1623715199999,102713953.65773101,199637,118256.9545,49539240.772233,0
1623715200000,427.01,429.16,380.0,380.0,236591.4423,1623801599999,95910475.321119,168036,109028.1065,44237249.011943,0
1623801600000,380.0,389.77,353.93,366.92,234387.4952,1623887999999,86915720.350472,175575,118676.8084,44029799.901708,0
1623888000000,366.66,377.4,338.1,347.23,151563.3666,1623974399999,54260635.611593,108826,73307.4012,26279899.020113,0
1623974400000,347.48,347.58,299.56,315.54,223646.6868,1624060799999,71932967.76313299,153620,112297.5727,36174487.673966,0
1624060800000,315.53,327.8,300.11,300.48,143139.5036,1624147199999,44434807.772886,107984,68178.3344,21212993.882335998,0
1624147200000,300.5,315.0,271.81,300.05,219907.3708,1624233599999,64584347.242952004,140758,103177.5996,30331611.679159004,0
1624233600000,300.25,302.77,207.66,211.72,449328.87100000004,1624319999999,111679856.49168602,249482,214719.8215,53363037.080361,0
1624320000000,211.63,235.33,163.49,182.82,737801.1698,1624406399999,143296989.374832,341493,353562.9174,68705461.47609201,0
1624406400000,182.84,225.0,172.5,204.07,443183.6068,1624492799999,91613075.581668,201203,222242.3346,45967904.740717,0
1624492800000,204.11,217.27,186.35,205.75,279429.0632,1624579199999,56767891.893562,118010,138105.7486,28083758.152075,0
1624579200000,205.76,213.3,172.17,174.0,328901.284,1624665599999,62165406.843397,141628,159939.5384,30251734.661498997,0
1624665600000,174.0,181.2,156.69,173.49,300592.1116,1624751999999,50298913.571558,134685,152616.2658,25576324.453593,0
1624752000000,173.01,179.51,161.83,179.4,216719.3064,1624838399999,36964959.360839,92210,107124.2331,18298925.521796,0
1624838400000,179.39,230.0,175.5,219.94,565344.7499,1624924799999,116200002.26598401,275495,292699.3447,60261440.78992099,0
1624924800000,219.95,238.45,206.1,213.61,529972.6729,1625011199999,116712208.658972,230082,271101.5908,59726155.48956999,0
1625011200000,214.33,216.68,191.12,215.05,395014.6664,1625097599999,80977850.98690799,155549,201927.9948,41465910.843621,0
1625097600000,214.79,214.99,193.2,198.64,276279.62100000004,1625183999999,55784318.901493005,116308,134072.1353,27082513.769902,0
1625184000000,198.66,207.0,190.38,203.92,190896.8705,1625270399999,37634521.387953006,86251,94754.6793,18700297.26285,0
1625270400000,204.05,213.67,198.0,206.67,156434.953,1625356799999,32388297.812971003,77464,77750.055,16103156.9898,0
1625356800000,206.67,218.0,200.46,209.92,168066.0488,1625443199999,35404454.268751,74924,82756.4509,17445760.561025,0
1625443200000,209.89,209.89,192.11,198.13,163225.1302,1625529599999,32842865.962577,78454,76376.0463,15368169.964991,0
1625529600000,198.24,225.84,197.46,224.27,222219.2712,1625615999999,46914697.216365,103781,107466.8477,22705950.661566,0
1625616000000,224.1,244.72,224.01,236.86,375152.2636,1625702399999,88528355.53388299,183191,192022.0647,45320115.579301,0
1625702400000,236.84,237.98,202.62,212.46,238023.613,1625788799999,51421020.052710995,110411,110820.5021,23952265.716102,0
1625788800000,212.58,216.57,200.0,213.26,118995.3393,1625875199999,24752289.980770003,57867,56639.4127,11801739.472252,0
1625875200000,213.35,219.03,202.38,207.75,72094.3938,1625961599999,15076455.271601,37140,35380.4765,7403030.251658,0
1625961600000,207.86,215.0,204.21,210.88,64738.8479,1626047999999,13582071.259130001,30712,33774.6804,7089327.702680999,0
1626048000000,210.98,213.43,193.24,200.57,110723.8864,1626134399999,22616166.103975,47691,51970.6441,10603413.400417998,0
1626134400000,200.46,203.89,189.22,192.59,80750.0246,1626220799999,15911897.464947,37758,37263.3942,7350845.69334,0
1626220800000,192.37,196.87,176.29,187.59,125940.5868,1626307199999,23490744.397364,57659,59637.3746,11127343.988792999,0
1626307200000,187.66,210.0,180.0,202.05,202487.5062,1626393599999,39490931.177939,93388,98047.3289,19132704.125513002,0
1626393600000,201.92,202.5,179.44,180.21,121814.0716,1626479999999,23039511.826401003,61124,59038.2829,11183754.24541,0
1626480000000,180.06,187.97,175.58,179.0,111490.3054,1626566399999,20076728.00376,50453,52635.319,9483196.337389,0
1626566400000,178.77,188.2,177.74,181.22,65360.6141,1626652799999,11965784.758713001,33426,33193.0445,6083628.1242889995,0
1626652800000,181.36,182.44,161.36,163.71,119289.1837,1626739199999,20113713.023897,46974,62398.3139,10489488.069,0
1626739200000,163.8,167.04,142.0,148.56,179067.9813,1626825599999,27033648.118628,63384,88259.7849,13319669.2945,0
1626825600000,148.54,182.65,144.08,174.78,188592.0987,1626911999999,31658602.941796,77058,92790.4076,15574530.317873001,0
1626912000000,174.98,179.79,165.07,175.47,147339.0025,1626998399999,25215864.894131,58813,74583.4403,12768230.812619999,0
1626998400000,175.31,179.91,162.72,177.94,139606.1403,1627084799999,23957776.275816,63738,71825.363,12339553.881369,0
1627084800000,178.06,189.0,173.99,185.79,149728.3084,1627171199999,27086868.848585002,70240,74962.6613,13571272.711142,0
1627171200000,185.83,189.7,175.6,184.34,164209.4166,1627257599999,30087142.976272997,66591,93123.0672,17131937.476607002,0
1627257600000,184.31,206.69,182.83,184.8,262412.4224,1627343999999,51260635.037036,122656,129645.2099,25350297.082939003,0
1627344000000,185.02,189.54,176.18,185.31,127399.9225,1627430399999,23259372.394272,64823,61767.2205,11284381.860479,0
1627430400000,185.37,193.22,181.11,188.2,109921.7933,1627516799999,20517055.882089,57127,54299.8936,10136497.190203,0
1627516800000,187.95,195.48,181.12,190.0,103453.1605,1627603199999,19442510.425185997,51664,52592.2232,9897735.90335,0
1627603200000,190.0,198.63,181.83,194.41,112131.44300000001,1627689599999,21308948.714881,52873,55831.0462,10613845.340496,0
1627689600000,194.53,204.0,191.0,198.34,130779.7794,1627775999999,25720238.096596,62089,68849.7007,13537617.879487,0
1627776000000,198.79,223.3,195.68,206.7,297903.3217,1627862399999,63735090.199347,142025,154863.9022,33179503.606459998,0
1627862400000,206.69,211.42,200.67,204.81,108975.9384,1627948799999,22519178.237981,53299,55782.0363,11536865.184654,0
1627948800000,204.85,209.16,192.52,201.96,101169.3549,1628035199999,20145559.963356,51024,48853.1558,9735705.952769,0
1628035200000,201.99,218.6,198.51,215.18,103050.0276,1628121599999,21505405.741715,56795,55127.8717,11501052.482204,0
1628121600000,215.25,219.7,202.52,216.02,109973.6076,1628207999999,23400221.517144002,63348,54855.1651,11687611.450202001,0
1628208000000,215.93,236.61,211.2,227.46,173378.5514,1628294399999,39433689.061756,107329,86509.8102,19667803.676869,0
1628294400000,227.58,243.4,223.32,235.08,167197.8849,1628380799999,38994541.882733,105755,83202.7526,19412649.440538,0
1628380800000,235.08,235.71,211.3,215.73,125565.1019,1628467199999,28037915.925489,70314,61438.4405,13734518.664169,0
1628467200000,215.78,229.58,207.1,221.5,145717.1704,1628553599999,32014503.657470003,79300,72176.29400000001,15859927.470846,0
1628553600000,221.66,254.12,217.03,241.08,269409.6765,1628639999999,64196201.309608,151006,140712.1254,33505106.042188,0
1628640000000,241.37,300.0,241.11,267.61,315874.7223,1628726399999,85305212.920583,219151,164721.3918,44524576.171928994,0
1628726400000,267.6,279.9,246.71,261.69,200760.6365,1628812799999,52563380.448131,110164,97896.7367,25655859.106875,0
1628812800000,261.5,283.71,260.32,281.04,148699.8963,1628899199999,40767764.926425,101207,74228.4458,20360821.501172,0
1628899200000,281.04,285.84,263.05,272.79,130083.5429,1628985599999,35544386.956391,90946,60522.4543,16548793.085676001,0
1628985600000,272.91,277.95,260.0,273.69,109719.1687,1629071999999,29454921.950438,61836,56881.5483,15275277.181688001,0
1629072000000,273.83,318.5,269.96,299.59,327423.3812,1629158399999,97676581.231928,262458,163666.2427,48844410.790056,0
1629158400000,299.59,325.0,267.37,277.54,288751.2175,1629244799999,86849624.09059599,207009,141981.0138,42767018.136032,0
1629244800000,277.66,304.0,261.01,281.47,237208.0985,1629331199999,67454764.689006,150115,116884.7222,33261552.066026002,0
1629331200000,281.5,334.4,275.1,327.68,372743.6442,1629417599999,115093871.14962299,245067,195733.6235,60572970.365089,0
1629417600000,327.64,350.33,313.17,345.89,244745.9855,1629503999999,81339552.863747,215236,121313.0876,40317685.994234994,0
1629504000000,345.63,353.0,325.98,328.14,132657.5088,1629590399999,44938405.257353,116134,66644.1005,22584647.913392,0
1629590400000,328.25,343.58,314.0,330.65,105173.7986,1629676799999,34593263.134941,90476,52445.6766,17271937.277285002,0
1629676800000,330.79,341.0,320.75,328.18,112615.2083,1629763199999,37189283.372522,94318,54364.1515,17958722.766866,0
1629763200000,328.11,332.47,285.3,296.0,157971.5935,1629849599999,48796800.080221005,130463,72848.2064,22509628.485871,0
1629849600000,296.07,309.33,283.01,303.7,121921.1679,1629935999999,36277703.02912,95764,59861.1047,17833706.39799,0
1629936000000,303.53,310.95,273.4,277.1,148429.0197,1630022399999,42604604.565568,117426,72666.4297,20876194.666437,0
1630022400000,277.1,312.0,266.3,305.7,229463.5956,1630108799999,66325740.003819995,173423,125708.9345,36160089.590556,0
1630108800000,305.6,320.9,296.3,305.2,121826.0727,1630195199999,37412519.494052,103039,60107.4214,18486402.087672,0
1630195200000,305.2,327.6,290.7,297.1,239249.8597,1630281599999,73199250.748477,240839,110068.0561,33692149.229807004,0
1630281600000,296.9,323.2,285.7,298.2,360944.223,1630367999999,109363748.7616,326904,162280.14,49107715.7836,0
1630368000000,298.2,421.32,296.4,395.2,790872.7188,1630454399999,292396943.217921,960178,403343.5851,149061921.664701,0
1630454400000,395.1,420.0,367.0,388.6,479435.756,1630540799999,185696920.3637,469180,237543.21300000002,92018883.6294,0
1630540800000,388.6,419.9,380.0,400.2,254516.48899999997,1630627199999,101660863.3219,291425,125065.12800000001,49921069.9677,0
1630627200000,400.4,431.8,394.0,406.7,208400.4726,1630713599999,86546003.886357,283494,108867.3457,45238913.563577004,0
1630713600000,406.8,421.0,395.3,397.8,118121.769,1630799999999,48161678.5047,137642,60052.2,24485636.9779,0
1630800000000,398.0,409.1,386.2,402.5,116925.81300000001,1630886399999,46580884.831,119335,56485.083,22506159.8045,0
1630886400000,402.7,409.0,371.0,395.5,149841.303,1630972799999,58977442.393,155189,72754.589,28635898.8885,0
1630972800000,395.5,398.1,276.0,330.9,354268.58,1631059199999,120411787.9112,357852,169636.174,57651613.0534,0
1631059200000,331.2,356.8,307.1,341.7,218132.457,1631145599999,73171615.0656,239878,106794.95800000001,35849795.8542,0
1631145600000,341.5,394.0,325.5,389.6,241619.462,1631231999999,88080267.672,323833,119070.383,43339903.9293,0
1631232000000,389.7,425.0,355.0,385.1,360583.851,1631318399999,143186830.8,659734,174505.08899999998,69443876.0193,0
1631318400000,385.1,425.0,374.6,419.0,194206.67,1631404799999,77319516.1901,405098,97753.805,38960494.8414,0
1631404800000,419.0,451.7,404.8,434.4,331057.7838,1631491199999,141859410.422584,583345,165661.6854,71064353.612654,0
1631491200000,434.3,446.7,376.5,404.8,236875.25,1631577599999,96745379.4919,432708,113473.84,46392647.768,0
1631577600000,404.6,438.8,396.2,418.1,142492.33,1631663999999,59628122.9093,231060,73062.621,30572500.2481,0
1631664000000,418.2,435.0,405.0,428.7,94358.23599999999,1631750399999,39279895.2378,155239,43818.138,18260350.2451,0
1631750400000,428.9,441.1,400.4,409.4,119067.531,1631836799999,50383751.9044,233515,56929.448,24112172.3334,0
1631836800000,409.3,417.3,384.0,389.9,81771.614,1631923199999,32592290.9391,170741,40455.824,16123916.4218,0
1631923200000,389.9,421.8,385.2,418.6,77518.753,1632009599999,31757441.7699,152998,37141.058,15223698.6793,0
1632009600000,418.6,424.0,395.0,400.6,55317.402,1632095999999,22629167.8302,104850,27108.812,11104402.0224,0
1632096000000,400.7,402.3,325.0,332.7,164842.835,1632182399999,58507881.461,273228,79112.98700000001,28063140.2325,0
1632182400000,332.8,349.4,296.8,306.1,143877.832,1632268799999,46896785.1159,186108,71136.644,23208608.7914,0
1632268800000,306.3,352.2,298.6,348.2,130630.806,1632355199999,42655344.5478,193527,65532.72,21423253.8344,0
1632355200000,348.3,359.0,337.4,357.8,79439.814,1632441599999,27627181.8575,123611,38807.235,13498523.8938,0
1632441600000,358.0,365.4,301.2,332.5,156631.30800000002,1632527999999,51341965.87,236445,76372.178,25104066.5817,0
1632528000000,332.4,339.3,320.6,327.0,54682.564000000006,1632614399999,17968965.6626,97870,26904.39,8841254.2725,0
1632614400000,326.8,333.4,300.8,324.0,76786.16900000001,1632700799999,24534321.7034,116545,36227.792,11593138.6438,0
1632700800000,323.9,346.7,314.0,315.4,82197.648,1632787199999,27339748.0866,162994,42890.725,14275374.595,0
1632787200000,315.6,344.6,308.3,317.8,133484.99300000002,1632873599999,43549787.9598,209352,62567.989,20382902.7044,0
1632873600000,318.0,341.7,314.0,322.5,78446.707,1632959999999,25815053.8023,132841,40389.286,13293162.9666,0
1632960000000,322.5,337.5,320.7,331.4,71401.834,1633046399999,23608374.5418,101175,34142.093,11285723.8821,0
1633046400000,331.3,353.8,328.5,349.0,85618.853,1633132799999,29316356.7712,157195,44390.275,15187185.0363,0
1633132800000,348.9,364.9,340.8,353.0,56601.278,1633219199999,19948902.5475,145478,27720.678,9772330.4952,0
1633219200000,352.9,357.3,341.7,346.3,41336.191,1633305599999,14489207.4609,69271,20301.404,7115402.8738,0
1633305600000,346.1,347.1,324.3,339.2,62008.134000000005,1633391999999,20920348.5256,145896,30948.466,10443792.6754,0
1633392000000,339.2,344.3,328.7,337.0,50721.937999999995,1633478399999,17122970.3454,91507,23175.87,7822863.2104,0
1633478400000,337.1,342.0,314.4,333.5,60743.535,1633564799999,20003642.6197,123787,29604.605,9763850.3821,0
1633564800000,333.5,369.8,326.4,355.4,96068.76199999999,1633651199999,33835693.721,304736,47856.565,16875758.4163,0
1633651200000,355.4,360.6,340.0,344.3,49842.553,1633737599999,17547736.4512,79190,24171.498,8505889.1149,0
1633737600000,344.2,365.8,340.7,353.9,47045.780999999995,1633823999999,16629271.2792,109541,23093.463,8162199.9836,0
1633824000000,353.9,372.4,333.1,334.9,81975.808,1633910399999,29347361.0366,198457,40149.851,14402270.0449,0
1633910400000,334.6,345.9,321.4,330.6,41409.896,1633996799999,13907035.3594,93994,20490.121,6878246.8456,0
1633996800000,330.6,330.6,306.5,323.4,43628.195999999996,1634083199999,13903936.5262,113266,21608.645,6884329.4441,0
1634083200000,323.3,368.0,311.2,366.2,128338.82,1634169599999,43754072.1044,271082,62629.468,21408757.6524,0
1634169600000,366.3,377.9,346.7,350.6,106439.74900000001,1634255999999,38943962.1479,271913,53340.710999999996,19525736.169,0
1634256000000,350.3,372.8,335.0,348.3,113010.91,1634342399999,39651549.288,283161,55944.149000000005,19639152.2307,0
1634342400000,348.1,359.9,337.0,341.3,48433.541,1634428799999,16880203.6469,94298,23343.675,8135324.6079,0
1634428800000,341.3,351.8,330.0,350.8,64998.845,1634515199999,22354877.2874,183469,34404.354,11849025.8707,0
1634515200000,350.9,365.3,339.7,362.6,82176.2,1634601599999,29043188.8691,176283,46699.288,16510219.1568,0
1634601600000,362.6,380.5,357.0,379.9,105108.754,1634687999999,38949812.773,299681,57477.203,21304078.8932,0
1634688000000,380.2,383.0,366.3,377.8,63997.475,1634774399999,24044770.786999997,143836,31759.832000000002,11940253.2293,0
1634774400000,378.0,384.9,360.3,368.9,75452.695,1634860799999,28240586.4247,174469,37239.403,13938813.2865,0
1634860800000,368.7,389.0,367.0,374.4,72929.65400000001,1634947199999,27566712.341,233726,36709.957,13881647.7669,0
1634947200000,374.7,386.4,369.9,382.0,48189.683,1635033599999,18281353.0765,139403,24343.88,9235114.0644,0
1635033600000,381.9,407.0,378.0,399.6,87769.116,1635119999999,34776356.929,363632,45020.279,17825181.2674,0
1635120000000,399.4,415.0,395.1,402.2,81436.064,1635206399999,32969711.9241,228721,42259.115,17123105.4043,0
1635206400000,402.2,411.2,383.1,390.7,62356.015,1635292799999,24637188.6301,113987,30485.362,12057003.5638,0
1635292800000,390.8,396.0,355.1,356.8,95954.05900000001,1635379199999,35632876.5805,195397,45566.195999999996,16944371.6449,0
1635379200000,357.0,379.7,355.0,364.6,65842.061,1635465599999,24164681.6863,136405,32616.341,11984251.425,0
1635465600000,364.7,372.9,361.5,367.2,51046.192,1635551999999,18721823.3802,68229,25303.494,9280705.5183,0
1635552000000,367.2,380.0,362.6,372.7,46499.41099999999,1635638399999,17220663.3943,105057,23418.118,8677328.3903,0
1635638400000,372.9,379.0,352.9,370.5,51257.634000000005,1635724799999,18705936.1838,107856,24347.557999999997,8890670.8508,0
1635724800000,370.5,412.0,359.4,409.6,115263.055,1635811199999,44848329.4878,346927,60276.407,23453022.1121,0
1635811200000,409.8,455.0,397.3,442.2,173033.795,1635897599999,74365838.867807,703775,86810.7439,37337092.923307,0
1635897600000,442.6,460.0,421.7,455.0,84820.7171,1635983999999,37424621.129547,339520,39510.3161,17434317.090647,0
1635984000000,454.3,465.0,431.1,441.4,52032.735,1636070399999,23033332.638823997,150843,25429.685,11273963.769124001,0
1636070400000,441.7,453.7,428.5,448.5,53931.278,1636156799999,23652169.5951,102886,25731.562,11286436.9344,0
1636156800000,448.5,461.2,432.7,445.7,55628.365999999995,1636243199999,24866901.6438,203860,27684.525,12376906.7226,0
1636243200000,445.4,514.3,441.1,512.1,99442.2285,1636329599999,47656350.5242,576692,50298.9798,24113523.11851,0
1636329600000,511.9,519.1,476.4,482.7,75829.00099999999,1636415999999,37470725.208136,236927,35827.154,17716554.611736,0
1636416000000,482.6,484.5,449.3,452.4,62954.727,1636502399999,29202709.1562,127961,32149.369,14892612.9907,0
1636502400000,452.5,470.9,383.2,427.5,94867.222,1636588799999,41978909.9203,249625,46761.29,20704067.2169,0
1636588800000,427.3,452.3,413.9,440.5,63061.455,1636675199999,27336941.4155,190503,30580.668999999998,13274736.5441,0
1636675200000,440.4,444.4,408.3,423.0,53781.41,1636761599999,22691221.8044,125595,26659.867000000002,11239900.6388,0
1636761600000,423.2,435.3,412.3,428.5,40160.337,1636847999999,16982698.3264,84753,21458.611,9068258.1189,0
1636848000000,428.6,435.7,420.3,433.9,25863.411,1636934399999,11097418.4634,64579,12800.34,5493305.6028,0
1636934400000,433.9,442.0,408.2,409.8,49022.426,1637020799999,20888202.5961,109391,22002.347999999998,9385169.8226,0
1637020800000,409.8,409.9,350.2,366.7,99577.46800000001,1637107199999,37683173.2973,192829,45358.996,17182112.79,0
1637107200000,366.6,376.4,352.3,367.2,57887.596,1637193599999,21120430.0046,91775,25128.324,9166507.9706,0
1637193600000,367.3,372.6,331.7,339.3,68228.98700000001,1637279999999,24012784.8849,108110,30274.736,10646276.1356,0
1637280000000,339.1,365.7,327.4,354.8,65366.164000000004,1637366399999,22727064.0777,103349,30280.386000000002,10527656.5982,0
1637366400000,354.6,368.0,341.3,366.8,45684.605,1637452799999,16256329.4459,74762,21142.072,7524888.3283,0
1637452800000,367.0,371.6,358.4,364.7,33425.579,1637539199999,12173316.1713,61827,16629.479,6057620.3021,0
1637539200000,365.0,366.2,334.6,337.7,55253.011,1637625599999,19154705.6249,92720,25594.482999999997,8879963.4521,0
1637625600000,337.7,352.9,326.2,343.1,67846.584,1637711999999,22853075.869000003,138122,33228.587999999996,11186864.1143,0
1637712000000,343.2,347.1,323.1,327.8,52180.427,1637798399999,17429613.2009,77088,23089.654,7711546.6904,0
1637798400000,327.8,350.0,326.2,339.1,42576.65,1637884799999,14412671.9154,72675,21020.861,7116796.2044,0
1637884800000,339.0,339.8,298.1,314.6,86597.701,1637971199999,27397342.501,118456,43506.593,13755914.3015,0
1637971200000,314.5,349.0,313.7,334.4,49666.816,1638057599999,16555875.6368,87467,24767.903,8259976.3712,0
1638057600000,334.4,357.7,319.7,350.4,95569.992,1638143999999,32725830.3518,186618,46131.757000000005,15812668.1276,0
1638144000000,350.1,372.7,349.1,366.5,54702.081,1638230399999,19722897.3092,129130,26107.995,9406141.4492,0
1638230400000,366.3,394.7,357.3,392.9,81324.685,1638316799999,30737725.8638,227596,42666.945999999996,16144064.2792,0
1638316800000,392.7,405.0,381.6,391.3,56127.950999999994,1638403199999,22051914.0659,148072,28691.127,11277329.615,0
1638403200000,391.3,391.4,365.0,366.5,28468.914,1638489599999,10635403.9246,67943,12904.878999999999,4825070.464,0
1638489600000,366.4,370.8,333.2,345.7,56596.874,1638575999999,20061555.2342,83278,29182.841,10347416.3509,0
1638576000000,346.2,346.2,252.2,301.7,103957.0632,1638662399999,30708261.9893,147735,49636.0348,14654933.62395,0
1638662400000,301.9,306.5,278.0,294.7,48901.073,1638748799999,14354028.7752,72391,23408.31,6873797.4476,0
1638748800000,294.7,294.9,256.2,288.3,54001.629,1638835199999,14741836.0405,77626,26134.241,7129405.6144,0
1638835200000,288.1,319.2,283.9,295.8,60410.57,1638921599999,17990592.9309,96988,31395.821,9345672.8026,0
1638921600000,295.5,316.2,286.9,307.5,48793.939000000006,1639007999999,14717950.9221,74372,25485.037999999997,7700399.6906,0
1639008000000,307.5,308.7,283.8,286.8,30059.665,1639094399999,8815224.2929,49907,14572.69,4274072.9895,0
1639094400000,286.7,309.8,280.6,282.4,49965.307,1639180799999,14763286.037999999,82289,24703.301,7313717.607999999,0
1639180800000,282.1,297.5,275.6,295.8,32616.517999999996,1639267199999,9429164.6097,46180,15286.118999999999,4418113.5561,0
1639267200000,296.0,305.5,292.4,303.6,27792.567000000003,1639353599999,8305925.8957,39364,13483.916000000001,4029613.4835,0
1639353600000,303.4,308.4,269.4,272.9,40444.462,1639439999999,11653339.1551,62668,18911.099,5455793.5729,0
1639440000000,272.9,289.7,269.4,279.3,29327.308999999997,1639526399999,8151175.5926,45095,14481.236,4024817.1035,0
1639526400000,279.3,292.8,269.5,288.6,24939.996,1639612799999,7026214.1297,42670,13005.784,3667480.9834,0
1639612800000,288.6,293.7,278.7,280.4,22664.308999999997,1639699199999,6506358.3999,35029,10899.008,3129764.1827,0
1639699200000,280.2,283.4,269.5,277.2,27434.048,1639785599999,7607557.5006,43810,12047.303,3342649.7791,0
1639785600000,277.2,281.9,270.3,279.9,17336.212,1639871999999,4819402.9418,25699,8844.882,2459363.7413,0
1639872000000,279.8,281.8,272.5,274.4,12752.008999999998,1639958399999,3542679.3891,23067,6082.338000000001,1690070.2230000002,0
1639958400000,274.4,277.1,260.3,264.3,18840.11,1640044799999,5028790.9353,34971,9193.492,2453110.9058,0
1640044800000,264.4,271.3,261.0,266.4,24991.047000000002,1640131199999,6659993.3141,29558,10586.934,2826456.4647,0
1640131200000,266.4,284.2,266.4,273.3,38280.484,1640217599999,10509270.1765,61618,19047.556,5228282.9555,0
1640217600000,273.2,293.6,267.3,291.0,38092.568999999996,1640303999999,10635131.9596,79162,19778.853,5534671.342999999,0
1640304000000,291.1,303.3,284.5,288.4,35240.453,1640390399999,10345308.5891,94590,18164.336,5333459.2788,0
1640390400000,288.2,294.9,286.7,292.3,14450.497,1640476799999,4214278.1147,23272,7096.563,2069319.7482,0
1640476800000,292.3,325.1,286.5,322.7,46240.538,1640563199999,14159759.3811,109637,24877.089,7622929.4757,0
1640563200000,322.8,345.0,308.3,323.0,63934.475,1640649599999,20483295.3524,135309,31036.915,9951301.1241,0
1640649600000,323.1,335.3,291.2,294.7,82540.433,1640735999999,26149745.7242,200525,40140.1,12707327.14,0
1640736000000,294.8,304.0,279.1,284.3,29783.225,1640822399999,8761741.4176,59967,14872.778999999999,4375731.0855,0
1640822400000,284.1,287.7,276.6,279.9,22420.725,1640908799999,6320928.2452,34608,10647.624,3002685.8559,0
1640908800000,279.9,287.9,271.2,276.8,23392.022,1640995199999,6558395.4749,40878,11470.326000000001,3215213.2611,0
1640995200000,276.6,289.1,275.5,288.8,15121.464,1641081599999,4269807.1727,28617,7728.715999999999,2184050.8992,0
1641081600000,288.8,299.0,283.0,295.4,17999.668,1641167999999,5246038.2564,34435,8690.513,2533716.649,0
1641168000000,295.4,299.8,285.2,290.0,24195.102000000003,1641254399999,7064044.7227,48316,12974.577,3791824.1287,0
1641254400000,290.2,310.0,282.7,295.6,41544.117999999995,1641340799999,12420701.3639,89214,20250.273999999998,6053064.8905,0
1641340800000,295.7,308.0,254.9,266.9,52450.114,1641427199999,14947862.273,85799,23969.417999999998,6871397.7379,0
1641427200000,267.0,272.9,258.9,269.6,28176.514,1641513599999,7476408.1311,44735,14113.997,3747112.5459,0
1641513600000,269.5,274.3,246.5,250.8,36777.0506,1641599999999,9469979.882898,59691,17307.935,4451713.1584,0
1641600000000,250.8,254.9,231.2,239.9,35778.5035,1641686399999,8664523.328679,51660,16692.7487,4038596.0628,0
1641686400000,240.2,252.2,238.7,246.9,17320.362,1641772799999,4249441.9799,27095,9304.069,2282349.8387,0
1641772800000,246.8,250.7,228.6,241.3,30345.4303,1641859199999,7259234.311022,47102,15714.041000000001,3754169.9445300004,0
1641859200000,241.3,262.0,239.9,260.9,31592.232000000004,1641945599999,7976420.1803,44794,17194.136000000002,4346606.4501,0
1641945600000,260.6,279.4,260.3,275.3,42220.414000000004,1642031999999,11517283.1659,61951,22563.235,6146701.761,0
1642032000000,275.0,281.3,264.3,266.2,30359.481,1642118399999,8299739.9467,50677,14882.913999999999,4068778.3906,0
1642118400000,266.2,289.5,264.1,281.8,34289.5393,1642204799999,9677922.341428,65993,16634.6473,4694570.766728,0
1642204800000,281.6,290.0,280.2,289.7,19638.904,1642291199999,5597602.9895,31631,9614.062,2741237.1117,0
1642291200000,289.9,293.0,273.8,277.8,30689.78,1642377599999,8670884.5909,45179,14746.208999999999,4168038.3342,0
1642377600000,277.8,278.5,255.5,259.1,22049.202,1642463999999,5841856.9984,33721,10945.278999999999,2901010.1103,0
1642464000000,259.0,261.0,247.3,253.4,17912.961,1642550399999,4536834.3237,26303,8552.549,2166187.7027,0
1642550400000,253.4,254.2,240.8,243.5,14398.632,1642636799999,3548211.6864,23407,6535.348000000001,1610157.7229,0
1642636800000,243.5,257.0,238.6,239.4,20475.006,1642723199999,5086352.7379,33532,10902.995,2707120.9285,0
1642723200000,239.3,241.1,210.6,214.1,47837.8631,1642809599999,10819147.514464999,58283,23039.8363,5212752.06766,0
1642809600000,214.0,217.6,173.2,190.4,72507.108,1642895999999,13927308.817256,75126,35662.328,6838242.31055,0
1642896000000,190.4,198.1,181.0,191.5,37456.133,1642982399999,7111654.3212,38035,19320.027,3668131.1747,0
1642982400000,191.5,191.5,161.9,174.7,82597.5007,1643068799999,14103830.665110001,65988,42060.994000000006,7184900.5558,0
1643068800000,174.9,180.9,169.8,173.6,36594.381,1643155199999,6407001.0969,34483,18638.2,3266229.2706,0
1643155200000,173.7,181.5,162.2,165.0,63716.9,1643241599999,11113549.3335,55915,31513.339,5495751.0617,0
1643241600000,165.3,168.8,155.6,164.8,46844.3665,1643327999999,7605259.5082,40352,23774.359,3861149.3527,0
1643328000000,164.5,169.6,159.0,168.7,38842.268,1643414399999,6405218.2369,33387,18183.898999999998,2999363.9842,0
1643414400000,168.7,174.2,167.2,171.1,25346.01,1643500799999,4328531.3979,24998,12285.018999999998,2098246.2806,0
1643500800000,171.0,173.9,161.5,163.3,28097.957000000002,1643587199999,4738449.837,23159,14171.636999999999,2391366.7194,0
1643587200000,163.1,165.7,154.3,159.4,65393.812000000005,1643673599999,10457975.3257,75619,26993.827,4320291.2897,0
1643673600000,159.5,176.0,158.3,171.1,47707.584,1643759999999,7929612.7213,40760,24938.138,4139777.0502,0
1643760000000,171.1,177.7,160.0,162.1,66113.318,1643846399999,11224038.5233,48513,33831.464,5749655.1374,0
1643846400000,162.2,163.8,155.5,163.0,37270.436,1643932799999,5926068.3159,25528,18730.902,2979964.7665,0
1643932800000,162.9,182.9,162.3,180.2,76997.094,1644019199999,13527818.0692,53623,38490.769,6775658.6082,0
1644019200000,180.2,189.3,178.8,184.7,30274.917999999998,1644105599999,5593046.5367,32048,15365.503,2838247.3992,0
1644105600000,185.0,199.2,180.1,195.9,40445.776,1644191999999,7619806.781,43279,20771.931,3910637.4869,0
1644192000000,195.9,203.6,193.1,198.2,53493.567,1644278399999,10550730.8623,49975,28937.676,5703610.5259,0
1644278400000,198.4,205.4,184.8,192.3,49313.148,1644364799999,9621169.7429,53536,23054.762000000002,4506404.3518,0
1644364800000,192.3,195.1,184.9,192.0,46321.899000000005,1644451199999,8810432.6702,35873,21757.572,4139348.9978,0
1644451200000,192.1,193.8,178.2,179.0,53828.122,1644537599999,10025335.1991,49751,27627.653,5148631.6666,0
1644537600000,178.9,183.7,161.1,164.9,38506.078,1644623999999,6739379.767000001,33278,18402.331000000002,3220217.7069,0
1644624000000,164.9,172.4,160.4,166.8,26942.796000000002,1644710399999,4476914.6729,22032,13915.17,2310368.5346,0
1644710400000,166.7,172.0,160.6,162.9,17727.127,1644796799999,2967304.2457,17330,8693.543,1455955.3618,0
1644796800000,163.1,168.7,159.0,166.9,19401.727,1644883199999,3176306.3796,17083,9535.804,1560985.0762,0
1644883200000,167.0,178.6,166.5,176.3,19980.868000000002,1644969599999,3475919.6834,21308,9984.956,1737792.8862,0
1644969600000,176.4,177.9,166.3,166.9,41041.437999999995,1645055999999,7072463.1435,33788,19272.217,3324599.4857,0
1645056000000,166.8,170.1,154.7,155.6,57318.992,1645142399999,9331534.8995,35492,24477.048,3995236.1748,0
1645142400000,155.5,159.6,147.5,149.7,36658.5913,1645228799999,5669249.13565,26622,17830.933,2765290.2277,0
1645228800000,149.8,154.0,146.1,151.2,16853.504,1645315199999,2527869.3183,17305,9205.356,1380747.4779,0
1645315200000,151.2,151.4,135.9,138.8,33304.7012,1645401599999,4697926.073211,23251,16182.923999999999,2278923.9673,0
1645401600000,138.9,156.0,125.2,125.7,72308.7387,1645487999999,9870359.382336,48735,37853.951,5160592.9741,0
1645488000000,125.9,133.2,121.9,129.7,53951.4298,1645574399999,6913198.143069999,32658,25087.342999999997,3214209.7657,0
1645574400000,129.7,135.3,122.7,123.3,69952.895,1645660799999,9098393.5483,60685,34430.41,4473958.1916,0
1645660800000,123.2,125.0,105.2,117.9,119648.0088,1645747199999,13485234.605943,70012,61194.123,6901441.3091,0
1645747200000,118.0,126.6,113.7,124.8,59530.475999999995,1645833599999,7117785.7076,33729,29332.321,3514796.5459,0
1645833600000,124.9,130.0,121.9,124.8,52028.329000000005,1645919999999,6561156.1964,31451,25813.751,3257959.262,0
1645920000000,124.9,126.8,115.2,117.5,45137.960999999996,1646006399999,5472140.5401,27440,21976.689,2664050.4082,0
1646006400000,117.5,130.2,114.8,130.0,44751.922999999995,1646092799999,5427561.9058,28314,23071.776,2802491.0567,0
1646092800000,130.0,145.0,127.9,138.4,120723.224,1646179199999,16461132.9961,80606,64762.934,8838827.5218,0
1646179200000,138.5,140.9,133.2,138.4,62122.102999999996,1646265599999,8557255.9978,43455,29695.475,4096142.8367,0
1646265600000,138.4,143.9,130.7,132.0,52444.403,1646351999999,7195159.5518,38311,25840.084,3551184.0287,0
1646352000000,132.0,132.5,118.9,120.8,35587.344,1646438399999,4509864.5377,26396,17156.01,2176708.6401,0
1646438400000,120.8,124.5,116.4,122.7,27898.85,1646524799999,3349602.0394,18384,14974.792,1798532.9732,0
1646524800000,122.6,124.3,116.8,119.6,35208.24,1646611199999,4245779.1601,23894,18245.506999999998,2201853.7725,0
1646611200000,119.6,127.8,115.2,120.4,52271.005,1646697599999,6299429.9853,36999,25413.218999999997,3069579.4708,0
1646697600000,120.3,128.3,119.3,122.5,52993.496,1646783999999,6557508.9184,37930,26896.612,3334944.9135,0
1646784000000,122.5,137.0,122.1,135.1,47967.334,1646870399999,6341624.0823,33116,25263.272,3336986.9325,0
1646870400000,135.2,140.0,122.8,126.5,67172.939,1646956799999,8638812.3977,45793,32031.776,4119088.0654,0
1646956800000,126.4,132.1,121.1,123.8,55106.382000000005,1647043199999,6991806.5389,32006,27710.536,3519739.2262,0
1647043200000,123.8,127.7,123.5,124.0,24795.214,1647129599999,3090729.4908,14202,10677.933,1332162.2494,0
1647129600000,123.9,125.4,116.7,117.6,29096.914,1647215999999,3545754.4099,16291,11727.576000000001,1427039.9371,0
1647216000000,117.5,121.0,116.2,120.4,23938.736,1647302399999,2843536.7297,15682,12285.358999999999,1459217.1992,0
1647302400000,120.2,125.7,115.5,125.6,63395.907999999996,1647388799999,7668074.3947,38009,32338.285,3911527.2164,0
1647388800000,125.6,131.3,121.3,130.7,91581.104,1647475199999,11574255.5307,47859,45236.897000000004,5723830.282000001,0
1647475200000,130.7,136.4,128.1,133.0,68486.168,1647561599999,9093326.043,38575,34975.302,4645815.3077,0
1647561600000,133.1,149.4,131.0,148.3,93118.819,1647647999999,13104977.2142,67110,49187.455,6922777.7921,0
1647648000000,148.3,153.1,144.3,146.6,62837.056,1647734399999,9279262.5887,46677,30148.096,4456758.632,0
1647734400000,146.6,153.1,141.5,152.0,77966.281,1647820799999,11477455.0815,60293,39295.239,5789548.482000001,0
1647820800000,152.1,160.8,144.6,155.4,104607.259,1647907199999,16149158.257000001,85495,53916.261,8332015.0657,0
1647907200000,155.3,160.8,153.5,158.4,48175.064000000006,1647993599999,7570358.7503,38632,22272.847,3501680.2572,0
1647993600000,158.6,170.0,156.3,161.9,65786.731,1648079999999,10777696.9213,66359,30707.841,5032237.9351,0
1648080000000,161.8,165.4,156.5,162.9,61421.595,1648166399999,9886337.1719,45187,31149.927000000003,5013350.3844,0
1648166400000,162.8,167.8,157.8,166.6,49945.55,1648252799999,8166323.3839,45775,21724.278,3556978.5211,0
1648252800000,166.6,171.0,163.8,164.6,49121.383,1648339199999,8227939.5012,43050,25506.654,4276163.1523,0
1648339200000,164.5,174.9,163.3,173.9,39979.051,1648425599999,6738963.7188,43207,21131.228,3563872.6508,0
1648425600000,173.9,182.1,163.8,168.6,108743.478,1648511999999,19211726.512997,94771,59842.468,10576189.041597,0
1648512000000,168.8,187.0,168.1,183.9,89268.87800000001,1648598399999,16080738.9794,99858,43734.193,7885376.1012,0
1648598400000,183.9,193.7,174.6,188.5,93539.33300000001,1648684799999,17445502.1764,93570,44823.376,8368324.3014,0
1648684800000,188.6,200.9,181.7,188.6,109115.556,1648771199999,20941820.4689,117438,54710.044,10507980.9624,0
1648771200000,188.5,195.7,177.7,189.7,77910.83099999999,1648857599999,14586449.285999998,79572,36669.379,6867526.8479,0
1648857600000,189.6,207.2,189.0,201.8,90980.185,1648943999999,18195147.0475,112081,45926.810999999994,9187860.0481,0
1648944000000,201.6,204.9,195.4,201.6,46459.807,1649030399999,9290758.8497,47895,22970.516,4596257.7239,0
1649030400000,201.8,202.0,182.1,188.9,71266.913,1649116799999,13569890.8767,65417,35840.586,6818039.4864,0
1649116800000,189.0,196.0,179.1,179.7,47364.562999999995,1649203199999,8958209.8955,44472,22605.164,4286737.984,0
1649203200000,179.7,181.4,167.0,174.3,77842.253,1649289599999,13602752.9677,79572,38787.956,6795033.1702,0
1649289600000,174.2,183.7,170.9,181.4,77481.265,1649375999999,13791396.3078,69507,38278.63,6818406.8423,0
1649376000000,181.4,194.0,171.0,172.0,58045.135,1649462399999,10747803.5836,59933,29347.852000000003,5442540.1038,0
1649462400000,171.9,178.9,170.6,178.3,39494.76,1649548799999,6896900.9309,27451,18730.019,3274363.337,0
1649548800000,178.4,179.7,168.9,169.7,33889.227999999996,1649635199999,5959108.2034,22740,16549.928,2915164.4051,0
1649635200000,169.6,170.2,149.9,152.7,68038.701,1649721599999,10897238.7586,44097,33913.381,5438409.5044,0
1649721600000,152.8,159.3,148.3,153.7,47158.335999999996,1649807999999,7296347.7588,34834,22944.771,3554368.0043,0
1649808000000,153.8,163.2,150.5,161.0,66785.318,1649894399999,10545694.0744,46790,34244.581,5408001.3112,0
1649894400000,161.0,167.6,155.9,160.9,52869.722,1649980799999,8580576.8755,44125,25914.046000000002,4211638.8889999995,0
1649980800000,161.0,167.8,158.3,166.3,45760.486,1650067199999,7482425.4283,35108,24903.061,4075608.9955,0
1650067200000,166.2,176.3,166.2,174.6,74637.339,1650153599999,12895196.9582,54853,37218.38,6430441.4815,0
1650153600000,174.5,179.0,168.8,168.9,34164.33,1650239999999,5937318.9552,36269,17164.319,2985513.3818,0
1650240000000,168.9,168.9,155.2,167.4,55201.379,1650326399999,8981159.0917,46695,26634.377999999997,4336369.6918,0
1650326400000,167.2,178.9,163.4,176.6,49964.337999999996,1650412799999,8519176.3168,39201,24874.382,4237239.1342,0
1650412800000,176.5,186.4,173.4,180.6,89153.53199999999,1650499199999,16146828.9286,75652,43352.856,7854196.7573,0
1650499200000,180.6,184.9,164.7,168.1,58716.237,1650585599999,10415032.1949,52820,29982.841,5320714.9793,0
1650585600000,168.1,173.5,162.5,164.6,50170.429000000004,1650671999999,8457253.4619,38430,24537.183999999997,4139568.3447,0
1650672000000,164.6,167.4,159.1,162.3,36468.952000000005,1650758399999,5962036.4884,28743,18946.494,3098071.518,0
1650758400000,162.3,163.7,157.1,159.2,25428.721,1650844799999,4085767.7192,22688,12114.493999999999,1947916.6769,0
1650844800000,159.3,164.5,149.1,164.5,57558.239,1650931199999,8963706.6223,46801,29656.076,4627032.4787,0
1650931200000,164.4,166.6,152.2,154.9,53498.36,1651017599999,8550413.2887,46644,26795.327,4294375.8154,0
1651017600000,154.9,164.2,154.6,158.1,47766.163,1651103999999,7600388.0338,39938,24020.18,3827926.9626,0
1651104000000,158.1,161.7,154.6,158.0,34858.954,1651190399999,5509541.4965,30167,17537.004,2773236.9027,0
1651190400000,158.0,160.1,145.0,145.1,46521.86,1651276799999,7166271.7789,35217,22139.045,3421592.1148,0
1651276800000,145.2,149.3,125.9,131.7,43854.615999999995,1651363199999,6087103.28,32420,21242.271,2948919.095,0
1651363200000,131.6,137.1,128.2,132.6,69887.304,1651449599999,9267648.6263,33203,35057.236000000004,4651847.0926,0
1651449600000,132.6,136.1,126.0,131.0,42558.002,1651535999999,5590722.637999999,23686,22368.235,2939673.9569,0
1651536000000,131.0,135.7,125.8,127.5,45463.624,1651622399999,5964054.8334,21160,21733.873,2853378.0162,0
1651622400000,127.5,143.0,127.1,140.5,61562.011,1651708799999,8225886.1724,31074,31495.906000000003,4209406.3805,0
1651708800000,140.6,144.6,125.4,127.6,74861.438,1651795199999,9909697.3964,37431,37130.005,4923571.8299,0
1651795200000,127.6,131.2,120.7,126.3,77683.159,1651881599999,9728376.9075,37907,38995.671,4879992.4164,0
1651881600000,126.4,127.3,114.6,117.8,53888.227,1651967999999,6647807.2862,27054,25395.089,3134061.615,0
1651968000000,117.8,118.6,111.3,112.1,59870.722,1652054399999,6843332.3605,29327,28578.106,3265454.9493,0
1652054400000,112.2,115.4,93.0,94.4,168786.9624,1652140799999,17367402.662616,80454,84032.605,8653070.379,0
1652140800000,94.5,104.6,88.9,92.9,229974.151,1652227199999,22566331.043805,90818,115936.336,11387794.0,0
1652227200000,92.8,95.7,71.3,73.6,348829.12200000003,1652313599999,28922601.259532,122077,160496.071,13348765.5002,0
1652313600000,73.6,77.3,62.3,69.2,361466.9063,1652399999999,25002463.2185,93500,168160.97100000002,11663673.0111,0
1652400000000,69.2,84.0,67.3,74.0,176460.17,1652486399999,13722653.1043,47840,92169.86300000001,7166904.7312,0
1652486400000,74.1,78.9,66.3,74.3,230184.28600000002,1652572799999,16644894.4269,45480,115848.552,8380406.4576,0
1652572800000,74.3,89.7,68.7,80.9,337956.93700000003,1652659199999,25272301.3968,86433,169605.573,12677746.6446,0
1652659200000,80.8,85.7,68.7,73.8,446487.725,1652745599999,34267113.8095,96197,223607.053,17148046.5325,0
1652745600000,73.7,87.9,73.0,81.9,358671.32200000004,1652831999999,29041568.9593,82125,187016.329,15133030.6807,0
1652832000000,81.9,83.8,71.9,76.2,319301.961,1652918399999,24647784.5271,60913,160883.216,12422850.5846,0
1652918400000,76.3,82.9,71.0,80.5,353490.578,1653004799999,27091643.6779,58387,178009.46300000002,13649536.4646,0
1653004800000,80.5,81.7,73.4,75.3,203738.611,1653091199999,15878925.8415,32366,102764.56599999999,8006060.6273,0
1653091200000,75.3,80.5,73.3,80.2,180459.687,1653177599999,13797267.3778,28990,89309.97099999999,6825010.2607,0
1653177600000,80.2,82.2,78.2,80.3,148496.041,1653263999999,11960773.2541,24550,72372.015,5827346.1663,0
1653264000000,80.3,89.2,78.4,82.9,275774.572,1653350399999,23337402.1987,44681,136430.021,11543452.3629,0
1653350400000,82.8,86.4,75.1,81.9,233258.17899999997,1653436799999,18849076.1181,37849,115890.071,9367502.9847,0
1653436800000,81.9,86.9,78.7,79.4,245984.232,1653523199999,20193363.5711,38822,119144.37800000001,9774027.431,0
1653523200000,79.4,81.1,68.9,69.8,325472.378,1653609599999,23903652.0119,52332,162745.12,11929463.169000002,0
1653609600000,69.8,71.5,64.7,66.5,323809.925,1653695999999,22015931.1214,55809,158818.46,10807192.7853,0
1653696000000,66.6,69.2,65.2,67.6,140409.376,1653782399999,9494715.648,22873,70714.171,4782383.1395,0
1653782400000,67.6,72.9,65.4,71.9,204370.044,1653868799999,14192526.5188,26624,102299.63900000001,7101952.677,0
1653868800000,71.9,78.1,71.0,78.0,251597.38199999998,1653955199999,18785596.5134,36473,125581.039,9378958.2687,0
1653955200000,78.0,82.9,73.3,79.9,378188.167,1654041599999,29588082.2449,54220,192148.242,15029361.8448,0
1654041600000,79.8,88.0,69.9,73.0,694427.673,1654127999999,55692553.2333,112514,336874.5,27064489.9098,0
1654128000000,72.9,74.3,70.4,73.4,357758.386,1654214399999,25928107.7454,50728,174141.27800000002,12625250.5758,0
1654214400000,73.3,73.5,67.5,68.3,188947.051,1654300799999,13214224.4646,29867,89631.141,6264892.6054,0
1654300800000,68.3,70.4,66.6,68.7,99261.984,1654387199999,6792639.0757,16837,46951.834,3213376.7665,0
1654387200000,68.6,69.5,67.1,67.9,85825.045,1654473599999,5862428.7031,13198,40049.712999999996,2736129.8229,0
1654473600000,67.8,73.2,67.6,70.2,155514.44400000002,1654559999999,11032226.9248,26479,76040.898,5392611.8914,0
1654560000000,70.2,70.3,65.6,67.4,157437.331,1654646399999,10647680.873,25960,72330.148,4891399.1987,0
1654646400000,67.3,69.2,65.0,66.4,160984.719,1654732799999,10756431.094,25522,70928.057,4739372.7368,0
1654732800000,66.4,68.4,65.5,66.4,89113.817,1654819199999,5968304.1555,13436,43031.69,2883252.3588,0
1654819200000,66.4,67.7,57.9,58.6,176254.51,1654905599999,11003673.132592,27398,86943.7086,5417390.0296,0
1654905600000,58.6,60.6,55.3,57.1,145497.114,1654991999999,8371741.145467,25628,73832.32,4249474.0027,0
1654992000000,57.1,57.6,50.6,50.8,186548.737,1655078399999,10013365.4962,26689,91219.022,4900739.3355,0
1655078400000,50.8,51.9,43.0,46.3,305957.63399999996,1655164799999,14261057.5147,41852,152801.97,7120151.8078,0
1655164800000,46.3,52.6,43.1,51.0,118628.275,1655251199999,5754568.5182,24701,60497.254,2935801.4335,0
1655251200000,51.0,58.3,47.2,58.3,331744.309,1655337599999,16892741.812,59480,168798.574,8606219.3989,0
1655337600000,58.2,58.8,48.1,49.2,175175.674,1655423999999,9212316.206,44859,74916.609,3923567.8514,0
1655424000000,49.1,51.0,48.5,49.0,63590.893,1655510399999,3153310.8017,16873,32300.435,1601842.7988,0
1655510400000,48.9,49.8,44.2,48.5,92521.81199999999,1655596799999,4328373.9685,22492,47914.585999999996,2239557.8704,0
1655596800000,48.5,52.3,46.1,50.9,58106.574,1655683199999,2825400.0593,16361,28321.876,1380353.6129,0
1655683200000,50.9,54.4,48.8,53.4,58420.258,1655769599999,3048286.9688,16405,27698.341,1447166.4619,0
1655769600000,53.3,57.5,52.3,53.6,58807.914000000004,1655855999999,3252581.5742,16477,28454.189,1574728.4888,0
1655856000000,53.6,55.0,51.1,51.9,64598.057,1655942399999,3410057.1408,17598,30475.638,1611454.655,0
1655942400000,51.9,54.7,51.8,54.1,46663.998,1656028799999,2503973.5543,12517,22792.001,1223193.8364,0
1656028800000,54.1,58.3,54.0,57.4,64438.189000000006,1656115199999,3626107.8877,17775,32135.438,1808947.3931,0
1656115200000,57.3,58.4,54.1,57.4,43010.608,1656201599999,2435351.0555,13393,19641.374,1112270.6079,0
1656201600000,57.5,58.8,52.1,52.5,53042.065,1656287999999,2980479.1421,17092,25964.785,1462063.2057,0
1656288000000,52.4,56.1,52.2,53.0,48698.236,1656374399999,2621661.2481,16169,24007.29,1295628.1674,0
1656374400000,53.1,55.0,49.7,50.2,51308.617,1656460799999,2673861.0683,15818,22680.971,1182629.2456,0
1656460800000,50.2,51.0,48.1,48.9,46359.026,1656547199999,2291403.1317,12874,21974.418999999998,1085702.2131,0
1656547200000,49.0,49.3,44.9,48.3,64401.677,1656633599999,2998827.5513,17482,34487.55,1608856.3676,0
1656633600000,48.3,49.8,46.2,48.5,68822.256,1656719999999,3294180.8068,17812,36304.491,1738974.4224,0
1656720000000,48.6,49.6,47.4,48.8,37141.511,1656806399999,1790698.2757,8274,18121.689,874431.8638,0
1656806400000,48.8,49.9,47.4,49.6,22415.889,1656892799999,1087146.1146,6945,12223.832,592242.3553,0
1656892800000,49.6,51.8,48.4,51.6,34382.406,1656979199999,1709036.9071,9696,16634.891,827001.6857,0
1656979200000,51.5,52.2,48.8,50.4,37439.653,1657065599999,1897383.1432,10319,17380.318,881421.8105,0
1657065600000,50.4,52.2,49.5,51.3,41370.634,1657151999999,2106613.8878,10422,17901.444,911554.1273,0
1657152000000,51.4,53.2,51.0,52.6,31753.955,1657238399999,1652447.7086,8530,16204.733999999999,844658.045,0
1657238400000,52.6,54.0,50.8,51.9,52931.077000000005,1657324799999,2779866.7058,13816,24929.449,1309198.231,0
1657324800000,51.8,53.9,51.8,53.2,30787.975,1657411199999,1634715.9928,7747,15145.178999999998,805001.2609999999,0
1657411200000,53.2,53.3,49.8,50.0,19754.84,1657497599999,1011678.8068,5855,8333.315,426800.2931,0
1657497600000,50.0,50.0,46.5,46.7,29117.595,1657583999999,1413665.553,9497,14953.37,726848.5998,0
1657584000000,46.7,48.7,46.1,46.8,27977.952999999998,1657670399999,1325079.155,8903,14711.306999999999,697573.4509,0
1657670400000,46.8,49.3,45.3,49.1,46019.645,1657756799999,2188817.2786,12309,21237.416,1010204.1685,0
1657756800000,49.1,51.9,47.3,51.7,40294.018,1657843199999,1980514.5099,11775,21120.304,1037105.7284,0
1657843200000,51.7,55.8,51.1,54.4,80672.313,1657929599999,4358107.6935,23228,39721.055,2148028.2106,0
1657929600000,54.5,56.9,52.7,56.6,37196.73,1658015999999,2038435.8156,11479,18272.971,1002097.2589,0
1658016000000,56.5,57.9,54.2,54.5,30638.722999999998,1658102399999,1712829.7002,10787,14595.26,816574.0208,0
1658102400000,54.5,64.3,54.4,63.8,120675.627,1658188799999,7277501.113,38433,65813.601,3963093.8074,0
1658188800000,63.8,65.9,61.3,63.2,120098.326,1658275199999,7598974.6439,37489,59302.746,3756590.8109,0
1658275200000,63.0,65.9,58.1,59.9,86236.025,1658361599999,5406138.2427,29390,41351.528,2596184.8775,0
1658361600000,59.9,61.9,57.5,61.2,58973.929000000004,1658447999999,3525655.5239,20041,27328.83,1635217.9711,0
1658448000000,61.2,69.8,60.8,66.5,172446.782,1658534399999,11543825.8548,59154,92469.936,6180801.7081,0
1658534400000,66.5,69.9,63.5,67.1,90344.992,1658620799999,5984012.2971,30027,40025.797,2651356.4591,0
1658620800000,67.1,68.0,64.5,64.7,38262.614,1658707199999,2545020.3103,15733,17932.44,1195234.9207,0
1658707200000,64.7,65.3,58.4,58.4,58673.78599999999,1658793599999,3612713.7345,20678,26609.607000000004,1639431.0525,0
1658793600000,58.4,58.6,55.4,58.1,65720.473,1658879999999,3742405.5053,20610,30627.662999999997,1745175.9766,0
1658880000000,58.1,62.4,56.0,62.3,77195.073,1658966399999,4499636.7998,23193,39414.416,2301827.0182,0
1658966400000,62.3,67.4,60.7,65.4,118656.144,1659052799999,7600301.2202,37533,57757.126,3705637.1648,0
1659052800000,65.3,67.5,62.0,63.8,114698.778,1659139199999,7393768.557,35674,54169.715,3494784.3102,0
1659139200000,63.9,66.7,62.7,63.1,64610.008,1659225599999,4209262.1364,22186,32208.406000000003,2100505.1904,0
1659225600000,63.2,68.3,62.0,63.7,75098.349,1659311999999,4902877.1209,27626,38838.362,2539181.7629,0
1659312000000,63.7,69.5,62.6,64.1,96158.28,1659398399999,6325429.3095,32757,46035.47,3031691.1688,0
1659398400000,64.0,64.8,59.6,60.8,90895.038,1659484799999,5589422.9135,29978,45678.191,2812705.6507,0
1659484800000,60.8,63.9,59.0,61.3,66147.604,1659571199999,4068280.8608,21124,32179.964,1981930.7412,0
1659571200000,61.3,63.0,60.0,61.0,43431.314000000006,1659657599999,2666175.6092,16899,20953.798,1286704.7993,0
1659657600000,60.9,64.4,60.5,63.5,76299.989,1659743999999,4790123.4962,24764,34415.759,2162909.5705,0
1659744000000,63.5,68.7,63.0,66.4,90384.829,1659830399999,5997261.9876,28157,44517.200999999994,2951814.5537,0
1659830400000,66.3,68.7,65.0,65.8,98551.5,1659916799999,6565212.0313,26600,48655.459,3248526.5089,0
1659916800000,65.7,68.0,63.5,64.8,189407.954,1660003199999,12476514.9243,41905,94709.62599999999,6238018.0888,0
1660003200000,64.8,65.8,59.0,60.1,129931.99,1660089599999,8055308.9722,30413,61339.587,3800333.039,0
1660089600000,60.2,64.5,58.0,63.0,123152.52699999999,1660175999999,7511159.7289,31474,61121.916,3730323.6398,0
1660176000000,63.0,64.3,60.3,60.8,79894.814,1660262399999,5034885.7401,23195,38316.986000000004,2414483.7734,0
1660262400000,60.7,61.4,59.0,61.0,77414.648,1660348799999,4684386.3707,18895,43617.831,2640804.881,0
1660348800000,61.0,62.3,60.3,61.2,51001.064000000006,1660435199999,3124585.1881,14362,26577.882999999998,1629413.9371,0
1660435200000,61.1,63.9,57.6,58.7,112989.41,1660521599999,6888104.0596,27806,50544.077000000005,3087015.6375,0
1660521600000,58.7,60.6,56.8,57.7,62872.596,1660607999999,3671357.7552,19055,30854.412999999997,1802944.116,0
1660608000000,57.6,58.4,55.7,56.1,85874.546,1660694399999,4900881.9476,19590,41497.232,2372035.8572,0
1660694400000,56.0,58.5,54.1,54.8,67372.485,1660780799999,3775960.2217,17784,29654.748,1663187.0597,0
1660780800000,54.8,55.9,51.0,51.7,54781.767,1660867199999,2975710.8223,14968,24396.007,1324812.0709,0
1660867200000,51.6,52.0,46.0,48.6,109686.936,1660953599999,5362886.7335,23187,50020.777,2448822.626,0
1660953600000,48.5,49.9,46.7,48.6,44764.887,1661039999999,2170058.9601,10884,20104.519,976428.9237,0
1661040000000,48.6,51.0,47.9,50.7,47875.001,1661126399999,2371131.1668,10428,26991.246,1339116.0349,0
1661126400000,50.8,51.0,46.5,50.6,50974.012,1661212799999,2491722.6892,10470,26163.213,1283655.8765,0
1661212800000,50.6,51.0,48.2,49.6,70150.077,1661299199999,3496405.9038,14676,36328.746,1810972.0265,0
1661299200000,49.6,50.4,48.0,49.0,63964.895,1661385599999,3153890.0439999998,12977,34891.756,1722464.1362,0
1661385600000,48.9,50.7,48.3,48.6,47455.802,1661471999999,2348698.088,10447,21662.181,1069907.7559,0
1661472000000,48.5,49.9,43.9,44.5,113945.258,1661558399999,5364648.3395,20657,49431.797,2334373.3639,0
1661558400000,44.4,46.2,43.7,45.8,35815.138999999996,1661644799999,1612281.0571,8189,18422.971,830813.5817,0
1661644800000,45.7,47.5,45.2,45.4,33642.279,1661731199999,1551876.5094,8041,14717.187,680515.0493,0
1661731200000,45.5,50.3,45.1,50.0,61067.346,1661817599999,2928515.1409,12340,33158.931000000004,1596615.3728,0
1661817600000,50.1,50.5,46.5,47.4,48953.907,1661903999999,2376851.0949,13019,22062.159,1070588.995,0
1661904000000,47.5,49.7,47.2,47.4,37752.949,1661990399999,1835708.4655,8971,18750.268,912596.5136,0
1661990400000,47.4,47.9,45.5,47.5,29940.591,1662076799999,1396487.7589,7633,16203.916000000001,756162.6822,0
1662076800000,47.4,49.2,46.7,47.7,32738.422000000002,1662163199999,1567659.6698,7553,16603.955,794429.9324,0
1662163200000,47.8,49.5,47.4,48.8,24530.001,1662249599999,1185416.6709,5752,11272.411,545406.9389,0
1662249600000,48.8,51.7,48.8,50.6,44221.810999999994,1662335999999,2226503.2127,10243,20797.365,1048399.9034,0
1662336000000,50.6,51.5,48.6,51.3,39346.301,1662422399999,1957544.0737,8985,17354.548,863722.7785,0
1662422400000,51.3,52.6,45.3,45.5,78021.703,1662508799999,3863198.8583,16633,38150.043,1888144.7408,0
1662508800000,45.5,49.1,45.0,48.3,42028.513,1662595199999,1972547.9815,8917,20725.078,972854.0926,0
1662595200000,48.3,50.4,48.0,50.2,50065.846,1662681599999,2453294.8718,8678,22660.176,1110784.9649,0
1662681600000,50.2,54.3,49.9,52.65,69370.454,1662767999999,3632666.57201,18195,35051.414,1836703.71995,0
1662768000000,52.69,53.31,51.5,52.24,69953.406,1662854399999,3654349.34556,16472,33855.869,1768604.95618,0
1662854400000,52.29,53.63,50.81,51.98,86955.41,1662940799999,4570388.6561,19264,40654.665,2135417.0260799997,0
1662940800000,51.93,55.0,50.89,52.17,88183.219,1663027199999,4649084.16086,23631,44405.955,2341547.9734,0
1663027200000,52.2,52.28,46.07,46.36,160219.67,1663113599999,7918307.40036,34417,77372.476,3831314.4409800004,0
1663113600000,46.36,47.91,46.13,47.49,64682.585,1663199999999,3044810.68658,16610,32617.709,1535460.31777,0
1663200000000,47.47,47.81,44.14,44.48,101107.653,1663286399999,4653702.11283,20977,47703.925,2193285.29344,0
1663286400000,44.49,44.67,42.57,43.98,101266.93400000001,1663372799999,4422451.88755,22550,46875.437999999995,2046847.54035,0
1663372800000,43.96,45.0,43.67,44.8,35740.985,1663459199999,1582232.4166700002,9125,18756.648999999998,831012.16212,0
1663459200000,44.81,44.81,38.34,39.58,135857.2825,1663545599999,5597524.857825,25683,70524.659,2900337.23245,0
1663545600000,39.58,40.35,37.64,39.99,196969.326,1663631999999,7645555.62598,39659,101471.594,3941525.5161699997,0
1663632000000,40.02,41.19,39.18,39.95,78268.354,1663718399999,3148126.38176,17276,35886.27,1444042.0958,0
1663718400000,39.94,43.99,39.18,40.11,170566.235,1663804799999,7092546.7324,37436,79855.135,3316448.81562,0
1663804800000,40.11,42.72,40.09,41.77,81875.636,1663891199999,3408338.6696200003,17219,39637.477999999996,1650358.21022,0
1663891200000,41.76,42.7,39.62,42.19,86935.54699999999,1663977599999,3569730.9553900003,21947,42450.765,1743856.66205,0
1663977600000,42.21,42.66,40.82,41.08,43044.607,1664063999999,1805275.98345,11954,21863.299,916401.26581,0
1664064000000,41.08,42.0,39.75,40.4,40886.876000000004,1664150399999,1675741.73764,10082,20246.054,830452.34477,0
1664150400000,40.37,42.5,39.85,42.13,73913.531,1664236799999,3060461.8815599997,18207,41807.638999999996,1732060.5850900002,0
1664236800000,42.13,50.0,42.02,42.51,135042.43,1664323199999,5943304.24475,29410,65923.223,2908378.46039,0
1664323200000,42.49,47.4,40.47,44.05,85136.00300000001,1664409599999,3623446.74092,20090,41988.799000000006,1789673.81829,0
1664409600000,44.07,44.49,42.06,43.07,68787.032,1664495999999,2965119.04853,17839,35156.047999999995,1515048.45848,0
1664496000000,43.08,43.8,41.74,42.19,59449.248,1664582399999,2551739.84577,13517,25632.921000000002,1100028.42745,0
